Lab ID,Gov,Area,Lab Capacity,Vendor Name,Center Name,Lab Name,Address,Location,اسم المشرف,رقم المشرف,اسم الميسر,رقم الميسر,عدد الطلاب بالمعمل,Domty,Water Boxes,Water Vendor,Number of Sessions,Thu 9 AM Grade,Thu 12 PM Grade,Thu 3 PM Grade,Thu 6 PM Grade,Fri 9 AM Grade,Fri 3 PM Grade,Fri 6 PM Grade,Thu 9 AM,Thu 12 PM,Thu 3 PM,Thu 6 PM,Fri 9 AM,Fri 3 PM,Fri 6 PM,Main
L1,أسوان,أسوان,20,Ischool,الاكاديمية الأمريكية للتدريب,الاكاديمية الأمريكية للتدريب 1,اسوان كورنيش النيل عمارة المسجد الجامع اعلي قاعه الماسه الدور التالت,https://maps.app.goo.gl/BCb5ZTEawAvGLyyH9,شروق يوسف,1128872472,شروق يوسف,1128872472,92,132,7,,6,G5,G5,G4,G4,,G4,G4,Physical-DS-G6,Physical-DS-G5,Physical-DS-G4,Physical-DS-G3,,Physical-DS-G2,Physical-DS-G1,
L521,أسوان,أسوان,20,Ischool,الاكاديمية الأمريكية للتدريب,الاكاديمية الأمريكية للتدريب 2,اسوان كورنيش النيل عمارة المسجد الجامع اعلي قاعه الماسه الدور التالت,https://maps.app.goo.gl/BCb5ZTEawAvGLyyH9,شروق يوسف,1128872472,شروق يوسف,1128872472,19,31,2,,2,,,,,,G6,G6,,,,,,Physical-DS-G9,Physical-DS-G8,
L570,أسوان,إدفو,15,MEA,سنتر عماد,سنتر عماد,سنتر عماد فوق مؤسسة الصعيدى للدهانات شارع 23 يوليو - ادفو - اسوان,https://maps.app.goo.gl/ygMNg1tub3BXudQUA,محمد صبري عابد طلب,1149498441,بولا لطفي,1121386385,36,56,3,,4,,,G6,G5,,G4,G4,,,Physical-DS-G13,Physical-DS-G12,,Physical-DS-G11,Physical-DS-G10,
L6,أسيوط,أسيوط,20,Ischool,أكاديمية بيراميدز للتدريب,أكاديمية بيراميدز للتدريب 1,شارع محمود رشوان بجوار مستشفى الحياة - برج استراحة النيابة - محافظة أسيوط,https://maps.app.goo.gl/35Jf8WvFP8BnBvGh7,ا طارق عبدو,1091872375,لبنى أنور عبد الستار,1102358251,108,151,8,,7,G6,G6,G5,G5,G6,G5,G5,Physical-DS-G40,Physical-DS-G39,Physical-DS-G38,Physical-DS-G37,Physical-DS-G41,Physical-DS-G36,Physical-DS-G35,
L187,أسيوط,أسيوط,21,British Council,المركز الثقافي البريطاني لتكنولوجيا المعلومات فرع اسيوط,المركز الثقافي البريطاني لتكنولوجيا المعلومات فرع اسيوط 1,النميس اول شارع يمين بعد كنيسة الملاك يمين في يمين هنلاقي هايبر ماركت اسمه أسواق الخيرات آخر الشارع أمام اتيليه الملكه الدور الارضي,https://maps.app.goo.gl/SWE2g332ZVBLv5Wg6,استقبال المكان,1010201999,مس رحاب,1010201999,119,168,9,,7,G4,G4,G4,G4,G4,G4,G4,Physical-DS-G26,Physical-DS-G25,Physical-DS-G24,Physical-DS-G23,Physical-DS-G27,Physical-DS-G22,Physical-DS-G21,
L188,أسيوط,أسيوط,21,British Council,المركز الثقافي البريطاني لتكنولوجيا المعلومات فرع اسيوط,المركز الثقافي البريطاني لتكنولوجيا المعلومات فرع اسيوط 2,النميس اول شارع يمين بعد كنيسة الملاك يمين في يمين هنلاقي هايبر ماركت اسمه أسواق الخيرات آخر الشارع أمام اتيليه الملكه الدور الارضي,https://maps.app.goo.gl/SWE2g332ZVBLv5Wg6,استقبال المكان,1010201999,مس رحمه,1023672749,118,166,9,,7,G5,G5,G5,G4,G5,G4,G4,Physical-DS-G33,Physical-DS-G32,Physical-DS-G31,Physical-DS-G30,Physical-DS-G34,Physical-DS-G29,Physical-DS-G28,
L14,أسيوط,أسيوط,21,IUC,مساحة عمل سكون,مساحة عمل سكون,أسيوط_ شارع الابراهيميه امام كوبري ٢٥ يناير فوق مسجد الرحمن الدور الثالث,https://maps.app.goo.gl/CLjHtTPQTLZsCf8c6,محمد طاهر,1092400766,محمد طاهر,1092400766,112,168,9,,7,G4,G4,G4,G4,G4,G4,G4,Physical-DS-G19,Physical-DS-G18,Physical-DS-G17,Physical-DS-G16,Physical-DS-G20,Physical-DS-G15,Physical-DS-G14,
L190,أسيوط,ابنوب,20,IUC,النادي التكنولوجي الجمعية الخيرية الاسلامية,النادي التكنولوجي الجمعية الخيرية الاسلامية,النادي التكنولوجي الجمعية الخيرية الإسلامية لتنمية المجتمع بأبنوب,https://maps.app.goo.gl/apKZaXdM26ArVACb8,احمد حلمي,1011658548,احمد حلمي,1011658548,8,20,1,,3,,,,G6,,G5,G4,,,,Physical-DS-G44,,Physical-DS-G43,Physical-DS-G42,
L525,أسيوط,ابوتيج,20,IUC,مركز تدريب الحاسب الالي ابوتيج,مركز تدريب الحاسب الالي ابوتيج,المساكن الاقتصادية عماره (٥)مدخل(ب) طريق اسيوط سوهاج بحرى بجوار سوبر كلين,https://maps.app.goo.gl/SdmD8ZWckWmYeW2DA,ا- راندا,0 10 08957545,ا- راندا,0 10 08957545,31,43,3,,3,,,,G6,,G5,G4,,,,Physical-DS-G47,,Physical-DS-G46,Physical-DS-G45,
L160,أسيوط,ديروط,16,IUC,اكاديمية لوجين لتعليم البرمجة,اكاديمية لوجين لتعليم البرمجة,القوصية يجوار مكتب البريد الدور الثاني اكاديمية لوجين لتعليم البرمجة,https://maps.app.goo.gl/gjqkn2RQ3Hb4Ybeb7?g_st=aw,محمود لوجين,1030023001,سلمى محمد زيدان,1016743176,44,64,4,,5,,G6,G5,G5,,G4,G4,,Physical-DS-G52,Physical-DS-G51,Physical-DS-G50,,Physical-DS-G49,Physical-DS-G48,
L20,أسيوط,منفلوط,17,Ischool,بوابة النجاح للتدريب,بوابة النجاح للتدريب,العنوان أول شارع العشرين قصاد ستوديو مصر وجنب محل الملك 2 ومحل هدمه للملابس وبجوار الدكتور هيثم علم الدين,https://maps.app.goo.gl/oPguyZNw9h5vzQ2DA,هيثم علي,1091414090,هاجر علي عباس,1067133076,39,57,3,,4,,,G6,G5,,G4,G4,,,Physical-DS-G56,Physical-DS-G55,,Physical-DS-G54,Physical-DS-G53,
L23,الأقصر,الأقصر,20,Ischool,جنوب الوادي للتدريب المهني,جنوب الوادي للتدريب المهني,شارع شارع التليفزيون، جزيرة العوامية، الأقصر، محافظة الأقصر,https://maps.app.goo.gl/9odga2nhqJwtHL8G6,شروق يوسف,1128872472,هيثم مصطفى,1093838535,80,118,6,,6,G6,G6,G6,G5,,G5,G5,Physical-DS-G69,Physical-DS-G68,Physical-DS-G67,Physical-DS-G66,,Physical-DS-G65,Physical-DS-G64,
L21,الأقصر,الأقصر,20,Ischool,نقابة التطبيقيين فرع الاقصر,نقابة التطبيقيين فرع الاقصر,الأقصر شارع مدرسة النيل متفرع من شارع المحطة,https://maps.app.goo.gl/jZv8NdJmVETToYmN8,حاتم الصغير,1002695592,نهى محمد رضا حسن,1001277324,109,161,9,,7,G4,G4,G4,G4,G5,G4,G4,Physical-DS-G62,Physical-DS-G61,Physical-DS-G60,Physical-DS-G59,Physical-DS-G63,Physical-DS-G58,Physical-DS-G57,
L195,الإسكندرية,أول المنتزة,20,Ischool,جروث ليفل للتدريب,جروث ليفل للتدريب 1,176 شارع بورسعيد - سبورتنج - بجوار فتح الله جمله ماركت,https://maps.app.goo.gl/kaAqsLphT49zonTU8,ماندو محمد,1095045554,حسن عزام,1201780603,81,140,7,,7,G5,G5,G5,G4,G5,G4,G4,Physical-DS-G82,Physical-DS-G81,Physical-DS-G80,Physical-DS-G79,Physical-DS-G83,Physical-DS-G78,Physical-DS-G77,T-20245
L613,الإسكندرية,أول المنتزة,20,Ischool,مدرسة فيكتوريا كولدج,مدرسة فيكتوريا كولدج 3,مدرسة فيكتوريا كولدج- 54الميثاق، السيوف بحري، قسم أول المنتزة، الإسكندرية,https://maps.app.goo.gl/LYM9VCtAhogw9cZw6,محمد طاهر,1092400766,الاء ابراهيم,1281079189,24,36,2,,2,,,,,,G6,G6,,,,,,Physical-DS-G85,Physical-DS-G84,
L527,الإسكندرية,أول المنتزة,20,IUC,سيد تكس,سيد تكس 1,ناصية شارع جميلة بو حريد والنخيل، السيوف،امام مدرسة عمر مكرم ومدرسه توشكي ومدرسه ابن خلدون الاسكندرية,https://maps.app.goo.gl/2vHEGjtHtCUeyeKD7,السيد خميس شحاته,1221313222,السيد خميس شحاته,1222147599,112,161,9,,7,G4,G4,G4,G4,G4,G4,G4,Physical-DS-G75,Physical-DS-G74,Physical-DS-G73,Physical-DS-G72,Physical-DS-G76,Physical-DS-G71,Physical-DS-G70,
L606,الإسكندرية,العامرية,15,IUC,إيجي ست,إيجي ست,32 ش أحمد عرابى - الدور الأول يمين العطارين شرق - العطارين - محافظة الإسكندرية,https://maps.app.goo.gl/2RNtw1HFhkMju8SW6,سلمى,1003403342,سلمى,1003403342,68,23,2,,2,,,,,,G6,G6,,,,,,Physical-DS-G94,Physical-DS-G93,
L607,الإسكندرية,العامرية,15,IUC,مدرسة فيكتوريا كولدج,مدرسة فيكتوريا كولدج 1,مدرسة فيكتوريا كولدج- 54الميثاق، السيوف بحري، قسم أول المنتزة، الإسكندرية,https://maps.app.goo.gl/LYM9VCtAhogw9cZw6,محمد طاهر,1092400766,Amira gomaa,1067784941,83,80,4,,6,G5,G5,G5,G5,,G4,G4,Physical-DS-G98,Physical-DS-G97,Physical-DS-G96,Physical-DS-G95,Physical-DS-G92,Physical-DS-G87,Physical-DS-G86,
L775,الإسكندرية,العامرية,20,IUC,سيد تكس,سيد تكس 3,ناصية شارع جميلة بو حريد والنخيل، السيوف،امام مدرسة عمر مكرم ومدرسه توشكي ومدرسه ابن خلدون الاسكندرية,https://maps.app.goo.gl/2vHEGjtHtCUeyeKD7,السيد خميس شحاته,1221313222,السيد خميس شحاته,1221313222,19,126,7,,7,G4,G4,G4,G4,G4,G4,G4,Physical-DS-G91,Physical-DS-G90,Physical-DS-G89,Physical-DS-G88,,Physical-DS-G101,Physical-DS-G100,
L500,الإسكندرية,المنتزة ثان,20,MEA,الجهاز المركزي للتعبئة العامة والإحصاء - CAPMAS,الجهاز المركزي للتعبئة العامة والإحصاء - CAPMAS 3,الجهاز المركزي للتعبئة العامة والاحصاء (مركز تنمية الموارد البشرية) - شارع محمد باشا صدقي - المبني الاداري - اعلي جراج القوات المسلحة - عمارات طابية سيدي بشر - لوران - الإسكندرية,https://maps.app.goo.gl/jJ7wPuXMRzjynJYc9?g_st=iw,محمود حمدى,1065530247,Karim Mostafa,1065530247,118,161,9,,7,G4,G4,G4,G4,G4,G4,G4,Physical-DS-G114,Physical-DS-G113,Physical-DS-G112,Physical-DS-G111,Physical-DS-G115,Physical-DS-G110,Physical-DS-G109,
L501,الإسكندرية,المنتزة ثان,20,MEA,الجهاز المركزي للتعبئة العامة والإحصاء - CAPMAS,الجهاز المركزي للتعبئة العامة والإحصاء - CAPMAS 3,الجهاز المركزي للتعبئة العامة والاحصاء (مركز تنمية الموارد البشرية) - شارع محمد باشا صدقي - المبني الاداري - اعلي جراج القوات المسلحة - عمارات طابية سيدي بشر - لوران - الإسكندرية,https://maps.app.goo.gl/jJ7wPuXMRzjynJYc9?g_st=iw,محمود حمدى,1066050400,Dr. Ghada Salem,1090190100,110,161,9,,7,G4,G4,G4,G4,G4,G4,G4,Physical-DS-G107,Physical-DS-G106,Physical-DS-G105,Physical-DS-G104,Physical-DS-G108,Physical-DS-G103,Physical-DS-G102,
L608,الإسكندرية,المنتزة ثان,20,Ischool,مدرسة فيكتوريا كولدج,مدرسة فيكتوريا كولدج 2,مدرسة فيكتوريا كولدج- 54الميثاق، السيوف بحري، قسم أول المنتزة، الإسكندرية,https://maps.app.goo.gl/LYM9VCtAhogw9cZw6,محمد طاهر,1092400766,خديجة خميس,0103 331 9259,119,160,8,,7,G5,G5,G5,G4,G5,G4,G4,Physical-DS-G121,Physical-DS-G120,Physical-DS-G119,Physical-DS-G118,Physical-DS-G122,Physical-DS-G117,Physical-DS-G116,
L194,الإسكندرية,المنتزة ثان,20,Ischool,سمارت تك,سمارت تك 1,فوق البنك الاهلي المصري بجوار مسجد يحيى 603 ابو قير ش زيزينيا,https://goo.gl/maps/aZ1PrzkN4iFZASVx7,Shaymaa Agamy,1227811948,خديجة خميس,0103 331 9259,82,98,5,,6,G6,G6,G6,G5,,G5,G5,Physical-DS-G128,Physical-DS-G127,Physical-DS-G126,Physical-DS-G125,,Physical-DS-G124,Physical-DS-G123,
L207,الإسكندرية,برج العرب,20,Ischool,الاكاديمية العربية للكمبيوتر واللغات,الاكاديمية العربية للكمبيوتر واللغات,مدينة برج العرب الجديدة - منطقة الـ 800 - بجوار مول الروضة والتوحيد - فوق مطعم عظيمة,https://maps.app.goo.gl/RkvySj1cMzMMQr8b8,احمد محمد,1033833292,احمد محمد احمد,1033833292,38,67,4,,4,,,G6,G5,,G4,G4,,,Physical-DS-G132,Physical-DS-G131,,Physical-DS-G130,Physical-DS-G129,
L510,الإسكندرية,حي شرق,15,MEA,الجهاز المركزي للتعبئة العامة والإحصاء - CAPMAS,الجهاز المركزي للتعبئة العامة والإحصاء - CAPMAS 1,الجهاز المركزي للتعبئة العامة والاحصاء (مركز تنمية الموارد البشرية) - شارع محمد باشا صدقي - المبني الاداري - اعلي جراج القوات المسلحة - عمارات طابية سيدي بشر - لوران - الإسكندرية,https://maps.app.goo.gl/jJ7wPuXMRzjynJYc9?g_st=iw,محمود حمدى,1000001452,د/ غاده سالم,1090190100,59,77,4,,4,,,G6,G6,,G6,G5,,,Physical-DS-G157,Physical-DS-G156,,Physical-DS-G155,Physical-DS-G154,
L215,الإسكندرية,حي شرق,20,Ischool,مركز لوران للتدريب,مركز لوران للتدريب 1,٥٨ ش سوتير (دكتور مصطفى مشرفة)- امام كلية السياحة والفنادق - الازاريطة - باب شرقى - الإسكندرية,https://maps.app.goo.gl/b3R1c5cEjxzc82BS6,محمد لطفي,1002005992,مني احمد محمود,0128 9056696,119,161,9,,7,G4,G4,G4,G4,G4,G4,G4,Physical-DS-G138,Physical-DS-G137,Physical-DS-G136,Physical-DS-G135,Physical-DS-G139,Physical-DS-G134,Physical-DS-G133,
L216,الإسكندرية,حي شرق,20,Ischool,مركز لوران للتدريب,مركز لوران للتدريب 2,٥٨ ش سوتير (دكتور مصطفى مشرفة)- امام كلية السياحة والفنادق - الازاريطة - باب شرقى - الإسكندرية,https://maps.app.goo.gl/b3R1c5cEjxzc82BS6,محمد لطفي,1002005992,م. منى احمد محمود,0128 9056696,119,155,8,,7,G4,G4,G4,G4,G4,G4,G4,Physical-DS-G145,Physical-DS-G144,Physical-DS-G143,Physical-DS-G142,Physical-DS-G146,Physical-DS-G141,Physical-DS-G140,
L217,الإسكندرية,حي شرق,20,Ischool,مركز لوران للتدريب,مركز لوران للتدريب 3,٥٨ ش سوتير (دكتور مصطفى مشرفة)- امام كلية السياحة والفنادق - الازاريطة - باب شرقى - الإسكندرية,https://maps.app.goo.gl/b3R1c5cEjxzc82BS6,محمد لطفي,1002005992,طارق عبد الفتاح,0121 0730067,125,161,9,,7,G5,G5,G5,G5,G5,G5,G5,Physical-DS-G152,Physical-DS-G151,Physical-DS-G150,Physical-DS-G149,Physical-DS-G153,Physical-DS-G148,Physical-DS-G147,
L209,الإسكندرية,حي وسط,20,Ischool,اكاديمية العلوم الهندسية,اكاديمية العلوم الهندسية 1,56 شارع عبدالمنعم سند - كامب شيزار .. شارع مستشفي نور الاسلام - امام فرع امان - الاكاديميه لها مدخل خاص,https://maps.app.goo.gl/iU4Dvgf1ZN1ViZyc9,مي حامد,1229555024,mai,1229555024,112,161,9,,7,G4,G4,G4,G4,G4,G4,G4,Physical-DS-G163,Physical-DS-G162,Physical-DS-G161,Physical-DS-G160,Physical-DS-G164,Physical-DS-G159,Physical-DS-G158,
L210,الإسكندرية,حي وسط,20,Ischool,اكاديمية العلوم الهندسية,اكاديمية العلوم الهندسية 2,56 شارع عبدالمنعم سند - كامب شيزار .. شارع مستشفي نور الاسلام - امام فرع امان - الاكاديميه لها مدخل خاص,https://maps.app.goo.gl/iU4Dvgf1ZN1ViZyc9,مي حامد,1229555024,mai,1095777098,88,125,7,,6,G6,G5,G5,G5,,G5,G4,Physical-DS-G170,Physical-DS-G169,Physical-DS-G168,Physical-DS-G167,,Physical-DS-G166,Physical-DS-G165,
L222,الإسكندرية,عجمي,16,Ischool,Creative generation academy,Creative generation academy,شارع السماليهي ٢ المتفرع من البيطاش الرئسي تاني دخله شمال عند الشهاوي الفيلا اللي في الوش - العجمي - محافظه الاسكندريه,https://maps.app.goo.gl/uP2s2eM11MxDzmnJ8,Hanan,1202426037,Hanan,1202426037,86,133,7,,7,G4,G4,G4,G4,G4,G4,G4,Physical-DS-G177,Physical-DS-G176,Physical-DS-G175,Physical-DS-G174,Physical-DS-G178,Physical-DS-G173,Physical-DS-G172,
L223,الإسكندرية,عجمي,16,Ischool,Creative generation academy,Creative generation academy,شارع السماليهي ٢ المتفرع من البيطاش الرئسي تاني دخله شمال عند الشهاوي الفيلا اللي في الوش - العجمي - محافظه الاسكندريه,https://maps.app.goo.gl/uP2s2eM11MxDzmnJ8,Hanan,1202426037,remas mostafa,1287779541,88,130,7,,7,G5,G5,G4,G4,G5,G4,G4,Physical-DS-G184,Physical-DS-G183,Physical-DS-G182,Physical-DS-G181,Physical-DS-G185,Physical-DS-G180,Physical-DS-G179,
L577,الإسكندرية,عجمي,20,Ischool,الجمعية التعاونية الانتاجية للحاسبات والالكترونيات,الجمعية التعاونية الانتاجية للحاسبات والالكترونيات 1,"العجمي البيطاش الشارع اللي امام بنك مصر شارع المسرح سابقا البرنسيسة حاليا اول شارع يمين علي ناصيته عصائر زمزم
آخر مبني رقم ١٠
الجمعية التعاونية الانتاجية للحاسبات والالكترونية 
It Club Alex",https://maps.app.goo.gl/s9HFGRc53KV2oW9j7,ا علي مصطفى,1277514735,ا علي مصطفى,1277514735,61,90,5,,5,,G6,G6,G6,,G5,G5,,Physical-DS-G190,Physical-DS-G189,Physical-DS-G188,,Physical-DS-G187,Physical-DS-G186,
L227,الإسماعيلية,الإسماعيلية,20,Ischool,مركز فينانس للتدريب,مركز فينانس للتدريب 1,"شارع شبين الكوم أمام شركة الكهرباء بجوار مؤسسة مصر الخير بالقرب من الحاوي للسيارات، الاسماعيلية, محافظة الإسماعيلية",https://maps.app.goo.gl/MyD5icCLmXxsKB3v9,احمد سعيد,1067908567,كريم,1288910659,108,155,8,,7,G4,G4,G4,G4,G4,G4,G4,Physical-DS-G196,Physical-DS-G195,Physical-DS-G194,Physical-DS-G193,Physical-DS-G197,Physical-DS-G192,Physical-DS-G191,
L228,الإسماعيلية,الإسماعيلية,20,Ischool,مركز فينانس للتدريب,مركز فينانس للتدريب 2,"شارع شبين الكوم أمام شركة الكهرباء بجوار مؤسسة مصر الخير بالقرب من الحاوي للسيارات، الاسماعيلية, محافظة الإسماعيلية",https://maps.app.goo.gl/MyD5icCLmXxsKB3v9,احمد سعيد,1067908567,عصام,1028352958,64,92,5,,4,,G6,,G5,,G5,G5,,Physical-DS-G202,,Physical-DS-G200,,Physical-DS-G199,Physical-DS-G198,
L579,الإسماعيلية,فايد,20,Ischool,مجلس مدينة فايد,مجلس مدينة فايد,قاعة الإجتماعات بمجلس مدينة فايد بجوار مستشفى فايد المركزي و خلف مكتب البريد بفايد,https://maps.app.goo.gl/1LcbFDNhjY8eE3JA6,Marwa Bakr,1002072958,Marwa Bakr,1002072958,32,46,3,,3,,,G6,G5,,,G4,,,Physical-DS-G206,Physical-DS-G205,,,Physical-DS-G203,
L233,البحر الاحمر,الغردقة,20,British Council,المركز الثقافي البريطاني لتكنولوجيا المعلومات فرع الغردقة,المركز الثقافي البريطاني لتكنولوجيا المعلومات فرع الغردقة 1,الدهار-شارع النصر -اعلي معرض أبو حتة للسيارات عمارة رقم 3-الدور الأول علوي,https://maps.app.goo.gl/LtwtTrssnBMxjF1s9,مسئول الريسبشن,1207189671,مس سهيله,1143089850,97,148,8,,7,G4,G4,G4,G4,G4,G4,G4,Physical-DS-G212,Physical-DS-G211,Physical-DS-G210,Physical-DS-G209,Physical-DS-G213,Physical-DS-G208,Physical-DS-G207,
L24,البحر الاحمر,الغردقة,20,Ischool,مدارس رويال الجيل الصاعد الحديثة,مدارس رويال الجيل الصاعد الحديثة 1,ذهبية أمام محكمة الاسرة - الغردقة - البحر الأحمر,https://maps.app.goo.gl/ZZfySaJLbFat6CzV6,رباب سمير,1022986168,رباب سمير محمد,1022986168,69,97,5,,5,,G6,G6,G5,,G5,G5,,Physical-DS-G218,Physical-DS-G217,Physical-DS-G216,,Physical-DS-G215,Physical-DS-G214,
L239,البحيرة,دمنهور,20,Ischool,مدارس الصفوة الخاصه للغات,مدارس الصفوة الخاصه للغات 1,مدخل المحافظه ش عبد السلام الشاذلي مدارس الصفوه الخاصه للغات,https://maps.app.goo.gl/w3NzeCLQx1DiT5dn8,Ahmed Elhadad,1002700996,مصطفى الجويلى,0 11 23494512,113,161,9,,7,G4,G4,G4,G4,G4,G4,G4,Physical-DS-G224,Physical-DS-G223,Physical-DS-G222,Physical-DS-G221,Physical-DS-G225,Physical-DS-G220,Physical-DS-G219,
L240,البحيرة,دمنهور,20,Ischool,مدارس الصفوة الخاصه للغات,مدارس الصفوة الخاصه للغات 2,مدخل المحافظه ش عبد السلام الشاذلي مدارس الصفوه الخاصه للغات,https://maps.app.goo.gl/w3NzeCLQx1DiT5dn8,Ahmed Elhadad,1002700996,,,114,157,8,,7,G4,G4,G4,G4,G5,G4,G4,Physical-DS-G231,Physical-DS-G230,Physical-DS-G229,Physical-DS-G228,Physical-DS-G232,Physical-DS-G227,Physical-DS-G226,
L241,البحيرة,دمنهور,20,Ischool,مدارس الصفوة الخاصه للغات,مدارس الصفوة الخاصه للغات 3,مدخل المحافظه ش عبد السلام الشاذلي مدارس الصفوه الخاصه للغات,https://maps.app.goo.gl/w3NzeCLQx1DiT5dn8,Ahmed Elhadad,1002700996,,,105,152,8,,7,G6,G5,G5,G5,G6,G5,G5,Physical-DS-G238,Physical-DS-G237,Physical-DS-G236,Physical-DS-G235,Physical-DS-G239,Physical-DS-G234,Physical-DS-G233,
L242,البحيرة,دمنهور,20,Ischool,مكتبه مصر العامه دمنهور البحيره,مكتبه مصر العامه دمنهور البحيره 1,مكتبة مصر العامة - شارع الجمهورية - بجوار شركة البحيرة لتوزيع الكهرباء - دمنهور,https://maps.app.goo.gl/3u28tZMfD5UqLaJB7,Ahmed Elhadad,1002700996,Ahmed Elhadad,1002700996,23,34,2,,2,,,,,,G6,G6,,,,,,Physical-DS-G241,Physical-DS-G240,
L243,البحيرة,دمنهور,20,Ischool,مكتبه مصر العامه دمنهور البحيره,مكتبه مصر العامه دمنهور البحيره 2,مكتبة مصر العامة - شارع الجمهورية - بجوار شركة البحيرة لتوزيع الكهرباء - دمنهور,https://maps.app.goo.gl/3u28tZMfD5UqLaJB7,Ahmed Elhadad,1002700996,,1007330707,82,104,6,,7,G6,G5,G5,G5,G6,G5,G4,Physical-DS-G254,Physical-DS-G253,Physical-DS-G252,Physical-DS-G251,Physical-DS-G255,Physical-DS-G250,Physical-DS-G249,
L246,البحيرة,شبراخيت,16,Ischool,مركز كونتكت,مركز كونتكت,اول شارع مستشفي المبرة أمام البوستة الجديدة .... بجوار معامل الشريف - محافظه البحيره,https://maps.app.goo.gl/kdgpFYa3VBADJuXc8,Ahmed Elhadad,1002700996,هبه يوسف,1007330707,94,133,7,,7,G4,G4,G4,G4,G4,G4,G4,Physical-DS-G247,Physical-DS-G246,Physical-DS-G245,Physical-DS-G244,Physical-DS-G248,Physical-DS-G243,Physical-DS-G242,
L582,البحيرة,شبراخيت,16,Ischool,مركز كونتكت,مركز كونتكت,اول شارع مستشفي المبرة أمام البوستة الجديدة .... بجوار معامل الشريف - محافظه البحيره,https://maps.app.goo.gl/kdgpFYa3VBADJuXc8,,,,,12,20,1,,1,,,,,,,G6,,,,,,,Physical-DS-G256,
L43,الجيزة,6 أكتوبر,20,Mohamed Salah,مؤسسة سعاد كفافي,مؤسسة سعاد كفافي 4,الحي الثامن - مجاورة 2 - عمارة 8/35 - 6 أكتوبر - المحور الخدمي - محافظة الجيزة- الجيزة,https://maps.app.goo.gl/rf7wFG2zKpoLtW6J7,طارق محمود,1012215404,منال محمد,1119328731,84,115,6,,5,G6,G6,G6,G6,,G6,,Physical-DS-G305,Physical-DS-G304,Physical-DS-G303,Physical-DS-G302,,Physical-DS-G301,,
L29,الجيزة,6 أكتوبر,25,Compusoft,مدينة العلوم والثقافه,مدينة العلوم والثقافه 1,مبني مجمع الثقافة والعلوم بجانب ميدان فودافون 6 اكتوبر الجيزة,https://maps.app.goo.gl/yaaHAwn6Y1zuwhHL8,ولاء عطية,1026166581,إيثار مصطفي,0 10 50730814,124,161,9,,7,G4,G4,G4,G4,G4,G4,G4,Physical-DS-G263,Physical-DS-G262,Physical-DS-G261,Physical-DS-G260,Physical-DS-G264,Physical-DS-G259,Physical-DS-G258,
L31,الجيزة,6 أكتوبر,25,Compusoft,مدينة العلوم والثقافه,مدينة العلوم والثقافه 2,مبني مجمع الثقافة والعلوم بجانب ميدان فودافون 6 اكتوبر الجيزة,https://maps.app.goo.gl/yaaHAwn6Y1zuwhHL8,ولاء عطية,1026166581,عبدالله ناصر,1116016677,118,161,9,,7,G4,G4,G4,G4,G4,G4,G4,Physical-DS-G270,Physical-DS-G269,Physical-DS-G268,Physical-DS-G267,Physical-DS-G271,Physical-DS-G266,Physical-DS-G265,
L32,الجيزة,6 أكتوبر,25,Compusoft,مدينة العلوم والثقافه,مدينة العلوم والثقافه 3,مبني مجمع الثقافة والعلوم بجانب ميدان فودافون 6 اكتوبر الجيزة,https://maps.app.goo.gl/yaaHAwn6Y1zuwhHL8,ولاء عطية,1026166581,محمد ياسر,0 10 66827898,116,161,9,,7,G4,G4,G4,G4,G4,G4,G4,Physical-DS-G277,Physical-DS-G276,Physical-DS-G275,Physical-DS-G274,Physical-DS-G278,Physical-DS-G273,Physical-DS-G272,
L33,الجيزة,6 أكتوبر,25,Compusoft,مدينة العلوم والثقافه,مدينة العلوم والثقافه 4,مبني مجمع الثقافة والعلوم بجانب ميدان فودافون 6 اكتوبر الجيزة,https://maps.app.goo.gl/yaaHAwn6Y1zuwhHL8,ولاء عطية,1026166581,حمزه محمد,0 114 135 5062,110,161,9,,7,G4,G4,G4,G4,G4,G4,G4,Physical-DS-G284,Physical-DS-G283,Physical-DS-G282,Physical-DS-G281,Physical-DS-G285,Physical-DS-G280,Physical-DS-G279,
L34,الجيزة,6 أكتوبر,25,Compusoft,مدينة العلوم والثقافه,مدينة العلوم والثقافه 5,مبني مجمع الثقافة والعلوم بجانب ميدان فودافون 6 اكتوبر الجيزة,https://maps.app.goo.gl/yaaHAwn6Y1zuwhHL8,ولاء عطية,1026166581,محمد وليد,0 11 21582652,118,156,8,,7,G5,G5,G5,G5,G5,G5,G4,Physical-DS-G291,Physical-DS-G290,Physical-DS-G289,Physical-DS-G288,Physical-DS-G292,Physical-DS-G287,Physical-DS-G286,
L35,الجيزة,6 أكتوبر,25,Compusoft,مدينة العلوم والثقافه,مدينة العلوم والثقافه 6,مبني مجمع الثقافة والعلوم بجانب ميدان فودافون 6 اكتوبر الجيزة,https://maps.app.goo.gl/yaaHAwn6Y1zuwhHL8,ولاء عطية,1026166581,عبدالرحمن,0 11 28505247,126,161,9,,7,G5,G5,G5,G5,G5,G5,G5,Physical-DS-G298,Physical-DS-G297,Physical-DS-G296,Physical-DS-G295,Physical-DS-G299,Physical-DS-G294,Physical-DS-G293,
L49,الجيزة,إمبابة,20,Compusoft,مكتبة خالد بن الوليد,مكتبة خالد بن الوليد 3,امبابة - كتكات بجوار محطة مترو الكت كات,https://maps.app.goo.gl/KNio5Zy8nMrgJuDs3,نورهان,,استاذ محسن عماره,010 05626123,117,161,9,,7,G4,G4,G4,G4,G4,G4,G4,Physical-DS-G311,Physical-DS-G310,Physical-DS-G309,Physical-DS-G308,Physical-DS-G312,Physical-DS-G307,Physical-DS-G306,
L48,الجيزة,إمبابة,20,Compusoft,مكتبة خالد بن الوليد,مكتبة خالد بن الوليد 2,امبابة - كتكات بجوار محطة مترو الكت كات,https://maps.app.goo.gl/KNio5Zy8nMrgJuDs4,نورهان,1005626123,استاذ ايهاب,010 05626123,107,147,8,,7,G5,G5,G4,G4,G5,G4,G4,Physical-DS-G318,Physical-DS-G317,Physical-DS-G316,Physical-DS-G315,Physical-DS-G319,Physical-DS-G314,Physical-DS-G313,
L47,الجيزة,إمبابة,20,Compusoft,مكتبة خالد بن الوليد,مكتبة خالد بن الوليد 1,امبابة - كتكات بجوار محطة مترو الكت كات,https://maps.app.goo.gl/KNio5Zy8nMrgJuDs5,نورهان,1003872206,نهله ايوب,0 11 43458936,94,127,7,,6,G6,G6,G6,G5,,G5,G5,Physical-DS-G325,Physical-DS-G324,Physical-DS-G323,Physical-DS-G322,,Physical-DS-G321,Physical-DS-G320,
L427,الجيزة,الدقي,20,Compusoft,cits,cits 1,رقم ١٣٩أ - شارع التحرير- مترو الدقى - الدقي - الجيزة,https://maps.app.goo.gl/MMgfGChBU51combw8,asmaa ashraf,1062478282,اسراء حمدي,011 55723482,114,161,9,,7,G4,G4,G4,G4,G4,G4,G4,Physical-DS-G331,Physical-DS-G330,Physical-DS-G329,Physical-DS-G328,Physical-DS-G332,Physical-DS-G327,Physical-DS-G326,
L428,الجيزة,الدقي,20,Compusoft,cits,cits 4,رقم ١٣٩أ - شارع التحرير- مترو الدقى - الدقي - الجيزة,https://maps.app.goo.gl/MMgfGChBU51combw8,asmaa ashraf,1062478282,اسامه,011 18212993,77,104,6,,6,G6,G6,G5,G5,,G5,G4,Physical-DS-G338,Physical-DS-G337,Physical-DS-G336,Physical-DS-G335,,Physical-DS-G334,Physical-DS-G333,
L61,الجيزة,الشيخ زايد,20,Compusoft,معهد الأهرامات العالي للهندسة والتكنولوجيا,معهد الأهرامات العالي للهندسة والتكنولوجيا 1,مدخل مدينة الفردوس امام دريم لاند طريق الواحات، مدينة السادس من أكتوبر، محافظة الجيزة,https://maps.app.goo.gl/hnQWU1rjJtNteH597?g_st=aw,اسماعيل احمد,1006973768,عبدالرحمن عادل,0 11 44098221,127,161,9,,7,G4,G4,G4,G4,G4,G4,G4,Physical-DS-G344,Physical-DS-G343,Physical-DS-G342,Physical-DS-G341,Physical-DS-G345,Physical-DS-G340,Physical-DS-G339,
L62,الجيزة,الشيخ زايد,20,Compusoft,معهد الأهرامات العالي للهندسة والتكنولوجيا,معهد الأهرامات العالي للهندسة والتكنولوجيا 2,مدخل مدينة الفردوس امام دريم لاند طريق الواحات، مدينة السادس من أكتوبر، محافظة الجيزة,https://maps.app.goo.gl/hnQWU1rjJtNteH597?g_st=aw,اسماعيل احمد,1006973768,اسماعيل احمد,1006973768,108,143,8,,7,G5,G5,G5,G4,G6,G4,G4,Physical-DS-G351,Physical-DS-G350,Physical-DS-G349,Physical-DS-G348,Physical-DS-G352,Physical-DS-G347,Physical-DS-G346,
L63,الجيزة,الشيخ زايد,20,Compusoft,معهد الأهرامات العالي للهندسة والتكنولوجيا,معهد الأهرامات العالي للهندسة والتكنولوجيا 3,مدخل مدينة الفردوس امام دريم لاند طريق الواحات، مدينة السادس من أكتوبر، محافظة الجيزة,https://maps.app.goo.gl/hnQWU1rjJtNteH597?g_st=aw,اسماعيل احمد,1006973768,عبد الحميد علاء,0 10 97091851,6,11,1,,1,,,,,,,G6,,,,,,,Physical-DS-G353,
L166,الجيزة,العمرانية,20,Compusoft,مجمع الفسطاط,مجمع الفسطاط 3,الحصن، العمرانية الشرقية، العمرانية، محافظة الجيزة,https://maps.app.goo.gl/E1Dt8Vyh9zyUBeJe8,حمدي امام,1093888105,عبد الحميد حمدي,0 12 85108062,117,161,9,,7,G4,G4,G4,G4,G4,G4,G4,Physical-DS-G359,Physical-DS-G358,Physical-DS-G357,Physical-DS-G356,Physical-DS-G360,Physical-DS-G355,Physical-DS-G354,
L68,الجيزة,العمرانية,20,Compusoft,مجمع الفسطاط,مجمع الفسطاط 1,الحصن، العمرانية الشرقية، العمرانية، محافظة الجيزة,https://maps.app.goo.gl/E1Dt8Vyh9zyUBeJe8,حمدي امام,1093888105,استاذ وائل,0 10 03068077,105,150,8,,7,G5,G5,G4,G4,G5,G4,G4,Physical-DS-G366,Physical-DS-G365,Physical-DS-G364,Physical-DS-G363,Physical-DS-G367,Physical-DS-G362,Physical-DS-G361,
L69,الجيزة,العمرانية,20,Compusoft,مجمع الفسطاط,مجمع الفسطاط 2,الحصن، العمرانية الشرقية، العمرانية، محافظة الجيزة,https://maps.app.goo.gl/E1Dt8Vyh9zyUBeJe8,حمدي امام,1093888105,احمد عبد الناصر,1008693186,71,92,5,,4,,,G6,G6,,G5,G5,,,Physical-DS-G371,Physical-DS-G370,,Physical-DS-G369,Physical-DS-G368,
L70,الجيزة,المنيب,20,Professionals,العلمى المتقدم للحسابات وتكنولوجيا المعلومات,العلمى المتقدم للحسابات وتكنولوجيا المعلومات 1,٢٨ شارع السحاب من شارع أحمد كامل - خلف مبنى محافظة الجيزة العمرانية الغربية، العمرانية، محافظة الجيزة,https://maps.app.goo.gl/LgdGtzYXKYZd5dq99,حنان دياب,1007662269,زياد,1143580908,114,161,9,,7,G4,G4,G4,G4,G5,G4,G4,Physical-DS-G378,Physical-DS-G377,Physical-DS-G376,Physical-DS-G375,Physical-DS-G379,Physical-DS-G374,Physical-DS-G373,
L71,الجيزة,المنيب,20,Professionals,العلمى المتقدم للحسابات وتكنولوجيا المعلومات,العلمى المتقدم للحسابات وتكنولوجيا المعلومات 2,٢٨ شارع السحاب من شارع أحمد كامل - خلف مبنى محافظة الجيزة العمرانية الغربية، العمرانية، محافظة الجيزة,https://maps.app.goo.gl/LgdGtzYXKYZd5dq99,حنان دياب,1007662269,ميرفت محمود دياب,1003854983,99,142,8,,7,G6,G6,G5,G5,G6,G5,G5,Physical-DS-G385,Physical-DS-G384,Physical-DS-G383,Physical-DS-G382,Physical-DS-G386,Physical-DS-G381,Physical-DS-G380,
L79,الجيزة,الهرم,20,Professionals,مؤسسة 6 أكتوبر للتنمية البشرية,مؤسسة 6 أكتوبر للتنمية البشرية 1,232 ش الهرم محطة شارع ضياء - بجوار مطعم بازوكا - الهرم,https://maps.app.goo.gl/kcG8P5MZ1iJFsDjD8,حنان دياب,1007662269,احمد ممدوح,1094082896,128,168,9,,7,G5,G5,G5,G5,G5,G5,G5,Physical-DS-G413,Physical-DS-G412,Physical-DS-G411,Physical-DS-G410,Physical-DS-G414,Physical-DS-G409,Physical-DS-G408,
L80,الجيزة,الهرم,20,Professionals,مؤسسة 6 أكتوبر للتنمية البشرية,مؤسسة 6 أكتوبر للتنمية البشرية 2,232 ش الهرم محطة شارع ضياء - بجوار مطعم بازوكا - الهرم,https://maps.app.goo.gl/kcG8P5MZ1iJFsDjD8,حنان دياب,1007662269,هاجر سعيد,1142827547,111,151,8,,7,G6,G5,G5,G5,G6,G5,G5,Physical-DS-G420,Physical-DS-G419,Physical-DS-G418,Physical-DS-G417,Physical-DS-G421,Physical-DS-G416,Physical-DS-G415,
L81,الجيزة,الهرم,20,Professionals,مؤسسة 6 أكتوبر للتنمية البشرية,مؤسسة 6 أكتوبر للتنمية البشرية 3,232 ش الهرم محطة شارع ضياء - بجوار مطعم بازوكا - الهرم,https://maps.app.goo.gl/kcG8P5MZ1iJFsDjD8,حنان دياب,1007662269,نسمه خالد,1113628956,61,78,4,,4,,,G6,G6,,G6,G6,,,Physical-DS-G425,Physical-DS-G424,,Physical-DS-G423,Physical-DS-G422,
L517,الجيزة,الهرم,20,Compusoft,مركز ابكس كولدج,مركز ابكس كولدج 3,٤٤٨ شارع الهرم نصر الدين فوق النفق,https://maps.app.goo.gl/vXJANbakMB3o1DPbA,اسماعيل احمد,1006973768,محمد عمر,0 11 15763851,135,168,9,,7,G4,G4,G4,G4,G4,G4,G4,Physical-DS-G392,Physical-DS-G391,Physical-DS-G390,Physical-DS-G389,Physical-DS-G393,Physical-DS-G388,Physical-DS-G387,
L74,الجيزة,الهرم,20,Compusoft,مركز ابكس كولدج,مركز ابكس كولدج 1,٤٤٨ شارع الهرم نصر الدين فوق النفق,https://maps.app.goo.gl/vXJANbakMB3o1DPbA,حمدي امام,1093888105,استاذ احمد,0 10 98444409,131,168,9,,7,G4,G4,G4,G4,G4,G4,G4,Physical-DS-G399,Physical-DS-G398,Physical-DS-G397,Physical-DS-G396,Physical-DS-G400,Physical-DS-G395,Physical-DS-G394,
L75,الجيزة,الهرم,20,Compusoft,مركز ابكس كولدج,مركز ابكس كولدج 2,٤٤٨ شارع الهرم نصر الدين فوق النفق,https://maps.app.goo.gl/vXJANbakMB3o1DPbA,حمدي امام,1093888105,يوسف ياسر,0 12 02477480,126,166,9,,7,G4,G4,G4,G4,G4,G4,G4,Physical-DS-G406,Physical-DS-G405,Physical-DS-G404,Physical-DS-G403,Physical-DS-G407,Physical-DS-G402,Physical-DS-G401,
L252,الجيزة,حدائق الأهرام,20,Compusoft,مدرسة كونتننتال,مدرسة كونتننتال 1,المنطقة ح - البوابة الرابعة (مينا) - حدائق الأهرام - الجيزة,https://maps.app.goo.gl/LTgygKoEF16L3KXbA,,,عبد الرحمن اشرف,0 112 780 6571,127,158,8,,7,G4,G4,G4,G4,G5,G4,G4,Physical-DS-G431,Physical-DS-G430,Physical-DS-G429,Physical-DS-G428,Physical-DS-G432,Physical-DS-G427,Physical-DS-G426,T-20245
L253,الجيزة,حدائق الأهرام,20,Compusoft,مدرسة كونتننتال,مدرسة كونتننتال 2,المنطقة ح - البوابة الرابعة (مينا) - حدائق الأهرام - الجيزة,https://maps.app.goo.gl/LTgygKoEF16L3KXbA,,,يوسف عبد الفتاح,0 11 58458379,58,77,4,,4,,,G6,G5,,G5,G5,,,Physical-DS-G436,Physical-DS-G435,,Physical-DS-G434,Physical-DS-G433,
L100,الجيزة,فيصل,20,Mohamed Salah,المركز التعليمى العصرى للغات والكمبيوتر,المركز التعليمى العصرى للغات والكمبيوتر 2,20 خالد أمين - محطة التعاون - بين فيصل والهرم العمرانية، محافظة الجيزة,https://maps.app.goo.gl/mHh6Dj9vLhznJLMa6,شيرين حلمي,1024073781,ايفون مسعد كيرلس,1066631788,124,161,9,,7,G4,G4,G4,G4,G4,G4,G4,Physical-DS-G443,Physical-DS-G442,Physical-DS-G441,Physical-DS-G440,Physical-DS-G444,Physical-DS-G439,Physical-DS-G438,
L99,الجيزة,فيصل,20,Mohamed Salah,المركز التعليمى العصرى للغات والكمبيوتر,المركز التعليمى العصرى للغات والكمبيوتر 1,20 خالد أمين - محطة التعاون - بين فيصل والهرم العمرانية، محافظة الجيزة,https://maps.app.goo.gl/mHh6Dj9vLhznJLMa6,منال شريف,1119328731,ايمن احمد علي,1068822766,123,155,8,,7,G4,G4,G4,G4,G4,G4,G4,Physical-DS-G450,Physical-DS-G449,Physical-DS-G448,Physical-DS-G447,Physical-DS-G451,Physical-DS-G446,Physical-DS-G445,
L77,الجيزة,فيصل,20,Professionals,مركز ميراكل mts,مركز ميراكل mts 1,١١٦ شارع الهرم الرئيسي ناصية سهل حمزة مول جوميرا الدور الثاني مركز ميراكل mts بجوار سنتر ima,https://maps.app.goo.gl/Tuqc4RYpezTQVwnKA?g_st=awb,حنان دياب,1007662269,احمد,1029083758,111,153,8,,7,G5,G5,G5,G5,G5,G5,G5,Physical-DS-G457,Physical-DS-G456,Physical-DS-G455,Physical-DS-G454,Physical-DS-G458,Physical-DS-G453,Physical-DS-G452,
L78,الجيزة,فيصل,20,Professionals,مركز ميراكل mts,مركز ميراكل mts 2,١١٦ شارع الهرم الرئيسي ناصية سهل حمزة مول جوميرا الدور الثاني مركز ميراكل mts بجوار سنتر ima,https://maps.app.goo.gl/Tuqc4RYpezTQVwnKA?g_st=awb,حنان دياب,1007662269,ندي,1029298068,54,69,4,,3,,,,G6,,G6,G6,,,,Physical-DS-G461,,Physical-DS-G460,Physical-DS-G459,
L261,الدقهلية,المنصورة,20,IUC,مدارس الايمان الخاصة,مدارس الايمان الخاصة 1,المنصورة شارع مجمع الايمان -متفرغ من سعد الشربيني,https://maps.app.goo.gl/wEVuE2G4Viut3G3NA,احمد حسام,1003544040,احمد حسام,1003544040,115,161,9,,7,G4,G4,G4,G4,G4,G4,G4,Physical-DS-G467,Physical-DS-G466,Physical-DS-G465,Physical-DS-G464,Physical-DS-G468,Physical-DS-G463,Physical-DS-G462,
L262,الدقهلية,المنصورة,20,IUC,مدارس الايمان الخاصة,مدارس الايمان الخاصة 2,المنصورة شارع مجمع الايمان -متفرغ من سعد الشربيني,https://maps.app.goo.gl/wEVuE2G4Viut3G3NA,ماجد سليمان,1006896889,ماجد سليمان,1006896889,107,149,8,,7,G5,G4,G4,G4,G5,G4,G4,Physical-DS-G474,Physical-DS-G473,Physical-DS-G472,Physical-DS-G471,Physical-DS-G475,Physical-DS-G470,Physical-DS-G469,
L263,الدقهلية,المنصورة,20,IUC,مدارس الايمان الخاصة,مدارس الايمان الخاصة 3,المنصورة شارع مجمع الايمان -متفرغ من سعد الشربيني,https://maps.app.goo.gl/wEVuE2G4Viut3G3NA,ماجد سليمان,1006896889,ماجد سليمان,1006896889,120,159,8,,7,G6,G6,G5,G5,G6,G5,G5,Physical-DS-G481,Physical-DS-G480,Physical-DS-G479,Physical-DS-G478,Physical-DS-G482,Physical-DS-G477,Physical-DS-G476,
L278,الدقهلية,ميت غمر,15,IUC,مدرسة الجمعية الشرعية الخاصة,مدرسة الجمعية الشرعية الخاصة 1,مدينة ميت غمر شارع بورسعيد,https://maps.app.goo.gl/z5RGDKc3xJZTtcbk6,ايمن حجازي,1008054105,ايمن حجازي,1008054105,86,126,7,,7,G4,G4,G4,G4,G4,G4,G4,Physical-DS-G489,Physical-DS-G488,Physical-DS-G487,Physical-DS-G486,Physical-DS-G490,Physical-DS-G485,Physical-DS-G484,
L568,الدقهلية,ميت غمر,15,IUC,مدرسة الجمعية الشرعية الخاصة,مدرسة الجمعية الشرعية الخاصة 2,مدينة ميت غمر شارع بورسعيد,https://maps.app.goo.gl/z5RGDKc3xJZTtcbk6,ايمن حجازي,1008054105,ايمن حجازي,1008054105,94,126,7,,7,G4,G4,G4,G4,G4,G4,G4,Physical-DS-G496,Physical-DS-G495,Physical-DS-G494,Physical-DS-G493,Physical-DS-G497,Physical-DS-G492,Physical-DS-G491,
L276,الدقهلية,ميت غمر,15,IUC,مدرسة دقادوس الرسمية للغات,مدرسة دقادوس الرسمية للغات 1,ميت غمر - دقادوس - مدرسة دقادوس الرسمية للغات,https://maps.app.goo.gl/aT5SHoSBKeTxtCLX7,احمد محمد,1004317131,,1008054105,82,105,6,,7,G4,G4,G4,G4,G4,G4,G4,Physical-DS-G503,Physical-DS-G502,Physical-DS-G501,Physical-DS-G500,Physical-DS-G504,Physical-DS-G499,Physical-DS-G498,
L264,الدقهلية,ميت غمر,20,IUC,مركز الرحمه,مركز الرحمه1,المنصوره جديله شارع مدرسة فخر الدين خالد بجوار مستشفى الرحمه,https://maps.app.goo.gl/eb3E5MYeLECAq2LJ7?g_st=ipc,امال,1029930496,امال,1029930496,90,102,6,,7,G5,G5,G4,G4,G5,G4,G4,Physical-DS-G510,Physical-DS-G509,Physical-DS-G508,Physical-DS-G507,Physical-DS-G511,Physical-DS-G506,Physical-DS-G505,
L265,الدقهلية,ميت غمر,20,IUC,مركز الرحمه,مركز الرحمه2,المنصوره جديله شارع مدرسة فخر الدين خالد بجوار مستشفى الرحمه,https://maps.app.goo.gl/eb3E5MYeLECAq2LJ7?g_st=ipc,امال,1029930496,امال,1029930496,85,105,6,,7,G5,G5,G5,G5,G5,G5,G5,Physical-DS-G517,Physical-DS-G516,Physical-DS-G515,Physical-DS-G514,Physical-DS-G518,Physical-DS-G513,Physical-DS-G512,
L266,الدقهلية,ميت غمر,20,IUC,مركز الرحمه,مركز الرحمه3,المنصوره جديله شارع مدرسة فخر الدين خالد بجوار مستشفى الرحمه,https://maps.app.goo.gl/eb3E5MYeLECAq2LJ7?g_st=ipc,امال,1029930496,امال,1029930496,85,98,5,,7,G5,G5,G5,G5,G6,G5,G5,Physical-DS-G524,Physical-DS-G523,Physical-DS-G522,Physical-DS-G521,Physical-DS-G525,Physical-DS-G520,Physical-DS-G519,
L267,الدقهلية,ميت غمر,25,IUC,مركز الرحمه,مركز الرحمه4,المنصوره جديله شارع مدرسة فخر الدين خالد بجوار مستشفى الرحمه,https://maps.app.goo.gl/eb3E5MYeLECAq2LJ7?g_st=ipc,امال,1029930496,امال,1029930496,102,105,6,,7,G6,G6,G6,G6,G6,G6,G6,Physical-DS-G531,Physical-DS-G530,Physical-DS-G529,Physical-DS-G528,Physical-DS-G532,Physical-DS-G527,Physical-DS-G526,
L279,السويس,السويس,20,Mohamed Salah,مركز تدريب تكنولوجيا المعلومات بالسويس isi,مركز تدريب تكنولوجيا المعلومات بالسويس 1,معهد السلام -طريق القاهرة بجوار أسواق بدر,https://maps.app.goo.gl/vbzzUUmqzYNnnXZK7,م.محمد صلاح,1229018061,نورهان ابراهيم بكري,1016590797,106,139,7,,6,G5,,G4,G4,G5,G4,G4,Physical-DS-G539,,Physical-DS-G537,Physical-DS-G536,Physical-DS-G540,Physical-DS-G535,Physical-DS-G534,
L280,السويس,السويس,20,Mohamed Salah,مركز تدريب تكنولوجيا المعلومات بالسويس isi,مركز تدريب تكنولوجيا المعلومات بالسويس 2,معهد السلام -طريق القاهرة بجوار أسواق بدر,https://maps.app.goo.gl/vbzzUUmqzYNnnXZK7,م.محمد صلاح,1229018061,علي زين,0 10 98860730,44,57,3,,3,,,,G6,,G6,G5,,,,Physical-DS-G543,,Physical-DS-G542,Physical-DS-G541,
L287,الشرقية,الزقازيق,20,Mohamed Salah,مركز استشارات وبحوث تكنولوجيا المعلومات,مركز استشارات وبحوث تكنولوجيا المعلومات 1,مركز استشارات وبحوث تكنولوجيا المعلومات - ميدان الزراعة - كلية الحاسبات والمعلومات,https://maps.app.goo.gl/PhUTHiShWXEEZRbY8,م.محمد صلاح,1229018061,كرم جمعه احمد محمد عطيه,1008664117,114,150,8,,7,G6,G5,G5,G5,G6,G5,G5,Physical-DS-G570,Physical-DS-G569,Physical-DS-G568,Physical-DS-G567,Physical-DS-G571,Physical-DS-G566,Physical-DS-G565,
L288,الشرقية,الزقازيق,20,Mohamed Salah,مركز استشارات وبحوث تكنولوجيا المعلومات,مركز استشارات وبحوث تكنولوجيا المعلومات 2,مركز استشارات وبحوث تكنولوجيا المعلومات - ميدان الزراعة - كلية الحاسبات والمعلومات,https://maps.app.goo.gl/PhUTHiShWXEEZRbY8,م.محمد صلاح,1229018061,محمد حجازى,0 10 96701218,67,90,5,,7,G4,G4,G4,G4,G4,G4,G4,Physical-DS-G549,Physical-DS-G548,Physical-DS-G547,Physical-DS-G546,,Physical-DS-G573,Physical-DS-G544,
L284,الشرقية,الزقازيق,20,IUC,مركز التدريب وتنمية الموارد البشرية بمحافظة الشرقية,مركز التدريب وتنمية الموارد البشرية بمحافظة الشرقية 1,شارع سعد زغلول - الكورنيش - بعد زهران ماركت - الزقازيق,https://maps.app.goo.gl/jA9RTyJMihtR3mXS9,ممدوح الشرقاوي,1140714275,ممدوح الشرقاوي,1140714275,116,161,9,,4,,,G6,G6,,G6,G6,,,Physical-DS-G575,Physical-DS-G574,Physical-DS-G550,Physical-DS-G545,Physical-DS-G572,
L285,الشرقية,الزقازيق,20,IUC,مركز التدريب وتنمية الموارد البشرية بمحافظة الشرقية,مركز التدريب وتنمية الموارد البشرية بمحافظة الشرقية 2,شارع سعد زغلول - الكورنيش - بعد زهران ماركت - الزقازيق,https://maps.app.goo.gl/jA9RTyJMihtR3mXS9,ممدوح الشرقاوي,1140714275,ممدوح الشرقاوي,1140714275,123,161,9,,7,G4,G4,G4,G4,G4,G4,G4,Physical-DS-G556,Physical-DS-G555,Physical-DS-G554,Physical-DS-G553,Physical-DS-G557,Physical-DS-G552,Physical-DS-G551,
L286,الشرقية,الزقازيق,20,IUC,مركز التدريب وتنمية الموارد البشرية بمحافظة الشرقية,مركز التدريب وتنمية الموارد البشرية بمحافظة الشرقية 3,شارع سعد زغلول - الكورنيش - بعد زهران ماركت - الزقازيق,https://maps.app.goo.gl/jA9RTyJMihtR3mXS9,ممدوح الشرقاوي,1140714275,ممدوح الشرقاوي,1140714275,117,156,8,,7,G5,G5,G5,G5,G5,G4,G4,Physical-DS-G563,Physical-DS-G562,Physical-DS-G561,Physical-DS-G560,Physical-DS-G564,Physical-DS-G559,Physical-DS-G558,
L293,الشرقية,العاشر من رمضان,20,Mohamed Salah,مدرسة سمارت سكول,مدرسة سمارت سكول 1,مجاورة 22 العاشر من رمضان,https://maps.app.goo.gl/c1DQAEkKsEvVzfkW6,م.محمد صلاح,1229018061,المهدي محفوظ ابراهيم عبدالكريم,1021008582,120,161,9,,7,G4,G4,G4,G4,G4,G4,G4,Physical-DS-G581,Physical-DS-G580,Physical-DS-G579,Physical-DS-G578,Physical-DS-G582,Physical-DS-G577,Physical-DS-G576,
L294,الشرقية,العاشر من رمضان,20,Mohamed Salah,مدرسة سمارت سكول,مدرسة سمارت سكول 2,مجاورة 22 العاشر من رمضان,https://maps.app.goo.gl/c1DQAEkKsEvVzfkW6,م.محمد صلاح,1229018061,نورا السيد,1033328448,108,149,8,,7,G6,G5,G5,G5,G6,G5,G4,Physical-DS-G588,Physical-DS-G587,Physical-DS-G586,Physical-DS-G585,Physical-DS-G589,Physical-DS-G584,Physical-DS-G583,
L297,الشرقية,بلبيس,20,Mohamed Salah,اكاديمية المستقبل للكمبيوتر واللغات,اكاديمية المستقبل للكمبيوتر واللغات 1,بلبيس - بجوار بنك مصر -برج عاشور,https://maps.app.goo.gl/VZmw7DJJ1HWBkM8ZA,م.محمد صلاح,1229018061,نورا السيد محمد,1033328448,100,145,8,,7,G5,G5,G4,G4,G5,G4,G4,Physical-DS-G595,Physical-DS-G594,Physical-DS-G593,Physical-DS-G592,Physical-DS-G596,Physical-DS-G591,Physical-DS-G590,
L298,الشرقية,بلبيس,20,Mohamed Salah,اكاديمية المستقبل للكمبيوتر واللغات,اكاديمية المستقبل للكمبيوتر واللغات 2,بلبيس - بجوار بنك مصر -برج عاشور,https://maps.app.goo.gl/VZmw7DJJ1HWBkM8ZA,م.محمد صلاح,1229018061,نورا السيد محمد,1033328448,19,25,2,,2,,,,,,G6,G6,,,,,,Physical-DS-G598,Physical-DS-G597,
L299,الشرقية,فاقوس,20,Ischool,FGI Center,FGI Center 1,فاقوس ش مجمع الشرطة برج الجزار الدور الرابع أعلي معمل البرج,https://maps.app.goo.gl/yERUm1NpsXyDgtdY9,محمد محمد محمود,1007146933,محمود محمد,1288789228,97,139,7,,6,,G4,G4,G4,G5,G4,G4,,Physical-DS-G603,Physical-DS-G602,Physical-DS-G601,Physical-DS-G605,Physical-DS-G600,Physical-DS-G599,
L300,الشرقية,فاقوس,20,Ischool,FGI Center,FGI Center 2,فاقوس ش مجمع الشرطة برج الجزار الدور الرابع أعلي معمل البرج,https://maps.app.goo.gl/yERUm1NpsXyDgtdY9,محمد محمد محمود,1007146933,محمود محمد,1288789228,69,82,5,,4,,G6,G6,,,G5,G5,,Physical-DS-G610,Physical-DS-G609,,,Physical-DS-G607,Physical-DS-G606,
L301,الغربية,المحلة الكبرى,20,IUC,مركز التنوير للكمبيوتر واللغات,مركز التنوير للكمبيوتر واللغات 1,المحلة الكبرى – البندر – الشارع بين أبو شامية للهدايا ومطعم تومة – بجوار لطفي للأحذية – أعلى محل الزمالك سابقًا.,https://maps.app.goo.gl/HZu8cANB4CiFjn4R8,م/ طارق سليم,0 10 22403070,م/ طارق سليم,0 10 22403070,109,152,8,,7,G4,G4,G4,G4,G4,G4,G4,Physical-DS-G617,Physical-DS-G616,Physical-DS-G615,Physical-DS-G614,Physical-DS-G618,Physical-DS-G613,Physical-DS-G612,
L302,الغربية,المحلة الكبرى,20,IUC,مركز التنوير للكمبيوتر واللغات,مركز التنوير للكمبيوتر واللغات 2,المحلة الكبرى – البندر – الشارع بين أبو شامية للهدايا ومطعم تومة – بجوار لطفي للأحذية – أعلى محل الزمالك سابقًا.,https://maps.app.goo.gl/HZu8cANB4CiFjn4R8,م/ طارق سليم,م/ طارق سليم,م/ طارق سليم,0 10 22403070,98,148,8,,7,G6,G5,G5,G5,G6,G5,G5,Physical-DS-G624,Physical-DS-G623,Physical-DS-G622,Physical-DS-G621,Physical-DS-G625,Physical-DS-G620,Physical-DS-G619,
L303,الغربية,المحلة الكبرى,20,IUC,مركز التنوير للكمبيوتر واللغات,مركز التنوير للكمبيوتر واللغات 3,المحلة الكبرى – البندر – الشارع بين أبو شامية للهدايا ومطعم تومة – بجوار لطفي للأحذية – أعلى محل الزمالك سابقًا.,https://maps.app.goo.gl/HZu8cANB4CiFjn4R8,م/ طارق سليم,م/ طارق سليم,,,12,18,1,,1,,,,,,,G6,,,,,,,Physical-DS-G626,
L585,الغربية,سمنود,20,IUC,سنتر اي كلاس للبرمجه والذكاء الاصطناعي,سنتر اي كلاس للبرمجه والذكاء الاصطناعي,ميت عساس شارع سكة المدرسة - سمنود، محافظة الغربية,"https://maps.google.com/?q=31.003557,31.296885",يوسف عبد المطلب,1000902903,يوسف عبد المطلب,1000902903,78,95,5,,6,G6,G6,G6,G5,,G5,G5,Physical-DS-G639,Physical-DS-G638,Physical-DS-G637,Physical-DS-G636,,Physical-DS-G635,Physical-DS-G634,
L532,الغربية,سمنود,20,Ischool,فيو كيدز أكاديمي,فيو كيدز أكاديمي,فيو كيدز أكاديمي - سمنود عند مساكن المرور فوق سوبر ماركت الخياط - سمنود,https://maps.app.goo.gl/FEgYFhzBjPc5RFveA,ايمان علي,0 11 49534875,فريال,1028682086,100,145,8,,7,G4,G4,G4,G4,G5,G4,G4,Physical-DS-G632,Physical-DS-G631,Physical-DS-G630,Physical-DS-G629,Physical-DS-G633,Physical-DS-G628,Physical-DS-G627,
L308,الغربية,طنطا,21,Mohamed Salah,دلتا ليرن,دلتا ليرن 1,شارع حسان ابن ثابت متقاطع مع شارع عمر بن عبدالعزيز امام محل لاتويا,https://maps.app.goo.gl/4vZJuLtczrSRa8G18,م.محمد صلاح,1229018061,ميادة ابراعيم,102120403,120,167,9,,7,G4,G4,G4,G4,G4,G4,G4,Physical-DS-G659,Physical-DS-G658,Physical-DS-G657,Physical-DS-G656,Physical-DS-G660,Physical-DS-G655,Physical-DS-G654,
L309,الغربية,طنطا,21,Mohamed Salah,دلتا ليرن,دلتا ليرن 2,شارع حسان ابن ثابت متقاطع مع شارع عمر بن عبدالعزيز امام محل لاتويا,https://maps.app.goo.gl/4vZJuLtczrSRa8G18,م.محمد صلاح,1229018061,كريم عبدالله عامر,1008815521,119,168,9,,7,G5,G5,G5,G5,G5,G5,G5,Physical-DS-G666,Physical-DS-G665,Physical-DS-G664,Physical-DS-G663,Physical-DS-G667,Physical-DS-G662,Physical-DS-G661,
L310,الغربية,طنطا,21,Ischool,مدرسة كابيتال سكولز,مدرسة كابيتال سكولز 1,طنطا - ميت حبيش البحرية أمام مصنع البيبسي,https://maps.app.goo.gl/vaR3xeTfvtdVwQnv7,شيماء فؤاد,1288055835,,,119,162,9,,7,G6,G5,G5,G5,G6,G5,G5,Physical-DS-G673,Physical-DS-G672,Physical-DS-G671,Physical-DS-G670,Physical-DS-G674,Physical-DS-G669,Physical-DS-G668,
L311,الغربية,طنطا,20,Ischool,مدرسة كابيتال سكولز,مدرسة كابيتال سكولز 2,طنطا - ميت حبيش البحرية أمام مصنع البيبسي,https://maps.app.goo.gl/vaR3xeTfvtdVwQnv7,شيماء فؤاد,1288055835,,,101,138,7,,6,G6,G6,G6,G6,,G6,G6,Physical-DS-G680,Physical-DS-G679,Physical-DS-G678,Physical-DS-G677,,Physical-DS-G676,Physical-DS-G675,
L306,الغربية,طنطا,21,Ischool,مركز نتورك للتدريب,مركز نتورك للتدريب 1,شارع معاوية مع حسان بن ثابت اعلي صيدلية دينا بجوار بنك القاهرة - طنطا,https://maps.app.goo.gl/Z1TfzoSn7mhhMn1V9,المهندس علاء علي,1212998582,علاء الفخراني,1212998582,105,168,9,,7,G4,G4,G4,G4,G4,G4,G4,Physical-DS-G645,Physical-DS-G644,Physical-DS-G643,Physical-DS-G642,Physical-DS-G646,Physical-DS-G641,Physical-DS-G640,
L307,الغربية,طنطا,21,Ischool,مركز نتورك للتدريب,مركز نتورك للتدريب 2,شارع معاوية مع حسان بن ثابت اعلي صيدلية دينا بجوار بنك القاهرة - طنطا,https://maps.app.goo.gl/Z1TfzoSn7mhhMn1V9,المهندس علاء علي,1212998582,أسماء سمير,1212144234,122,168,9,,7,G4,G4,G4,G4,G4,G4,G4,Physical-DS-G652,Physical-DS-G651,Physical-DS-G650,Physical-DS-G649,Physical-DS-G653,Physical-DS-G648,Physical-DS-G647,
L315,الفيوم,الفيوم,20,Compusoft,المركز العربي,المركز العربي 1,المعهد العربي للعلوم والتكنولوجيا - رقم ٢ - شارع البدر- أخر سور مدرسة الفنية بنات بجوار مفروشات البدر - الحادقة - الفيوم,https://maps.app.goo.gl/QJATdUk4qXvLQrht9,,,احمد كمال,0 10 94896010,111,161,9,,7,G4,G4,G4,G4,G4,G4,G4,Physical-DS-G686,Physical-DS-G685,Physical-DS-G684,Physical-DS-G683,Physical-DS-G687,Physical-DS-G682,Physical-DS-G681,
L316,الفيوم,الفيوم,20,Compusoft,المركز العربي,المركز العربي 2,المعهد العربي للعلوم والتكنولوجيا - رقم ٢ - شارع البدر- أخر سور مدرسة الفنية بنات بجوار مفروشات البدر - الحادقة - الفيوم,https://maps.app.goo.gl/QJATdUk4qXvLQrht9,,,احمد صلاح,010 06846007,109,148,8,,7,G5,G4,G4,G4,G5,G4,G4,Physical-DS-G693,Physical-DS-G692,Physical-DS-G691,Physical-DS-G690,Physical-DS-G694,Physical-DS-G689,Physical-DS-G688,
L317,الفيوم,الفيوم,20,Compusoft,ساوند للكمبيوتر واللغات,ساوند للكمبيوتر واللغات 1,5 شارع على بن أبى طالب خلف بركة للحلويات باغوص الفيوم,https://maps.app.goo.gl/D1UAeDexJEgo2ar96,محمد معوض,1004242287,محمد معوض,0 10 04242287,103,145,8,,7,G5,G5,G5,G5,G6,G5,G5,Physical-DS-G700,Physical-DS-G699,Physical-DS-G698,Physical-DS-G697,Physical-DS-G701,Physical-DS-G696,Physical-DS-G695,
L318,الفيوم,الفيوم,20,Compusoft,ساوند للكمبيوتر واللغات,ساوند للكمبيوتر واللغات 2,5 شارع على بن أبى طالب خلف بركة للحلويات باغوص الفيوم,https://maps.app.goo.gl/D1UAeDexJEgo2ar96,محمد معوض,1004242287,محمود معوض,1 10 04242287,32,55,3,,3,,,,G6,,G6,G6,,,,Physical-DS-G704,,Physical-DS-G703,Physical-DS-G702,
L950,الفيوم,سنورس,20,MEA,بيست لايف اكاديمي,بيست لايف اكاديمي,شارع 23يوليو-اعلي مكتبة العلم والايمان-الدورالثالث,https://maps.app.goo.gl/daUkX4R9AHa3Wk6F9,امل سليمان,1009141852,امل سليمان,1009141852,43,56,3,,3,,,G6,G5,,,G4,,,Physical-DS-G708,Physical-DS-G707,,,Physical-DS-G705,
L556,القاهرة,15 مايو,20,Compusoft,مدرسة رواد المستقبل,مدرسة رواد المستقبل 1,الشياخة الأولى، مدينة 15 مايو، محافظة القاهرة,https://maps.app.goo.gl/Fok5xVDeowTaNySa8,Marwa Mansour,1014251360,هاله سعيد,0 11 46370174,122,158,8,,7,G4,G4,G4,G4,G5,G4,G4,Physical-DS-G714,Physical-DS-G713,Physical-DS-G712,Physical-DS-G711,Physical-DS-G715,Physical-DS-G710,Physical-DS-G709,
L557,القاهرة,15 مايو,20,Compusoft,مدرسة رواد المستقبل,مدرسة رواد المستقبل 2,الشياخة الأولى، مدينة 15 مايو، محافظة القاهرة,https://maps.app.goo.gl/Fok5xVDeowTaNySa8,Marwa Mansour,1014251360,يوسف خالد,0 12 76277754,26,37,2,,2,,,,,,G6,G5,,,,,,Physical-DS-G717,Physical-DS-G716,
L353,القاهرة,السلام,26,Professionals,اكاديمية الشروق,اكاديمية الشروق 9,مبنى المعهد العالي للهندسة بداخل أكاديمية الشروق - ضاحية النخيل - بجوار الجامعة البريطانية - مدينة الشروق - القاهرة,https://maps.app.goo.gl/2ZrcWowfeskTGRNRA,محمد فهمي,1002599148,اشرف حنفى,1006093238,136,203,11,,7,G4,G4,G4,G4,G4,G4,G4,Physical-DS-G723,Physical-DS-G722,Physical-DS-G721,Physical-DS-G720,Physical-DS-G724,Physical-DS-G719,Physical-DS-G718,
L354,القاهرة,السلام,26,Professionals,اكاديمية الشروق,اكاديمية الشروق 10,مبنى المعهد العالي للهندسة بداخل أكاديمية الشروق - ضاحية النخيل - بجوار الجامعة البريطانية - مدينة الشروق - القاهرة,https://maps.app.goo.gl/2ZrcWowfeskTGRNRA,محمد فهمي,1002599148,محمد فهمى,1002599148,155,203,11,,7,G4,G4,G4,G4,G4,G4,G4,Physical-DS-G730,Physical-DS-G729,Physical-DS-G728,Physical-DS-G727,Physical-DS-G731,Physical-DS-G726,Physical-DS-G725,
L335,القاهرة,السلام,26,Professionals,اكاديمية الشروق,اكاديمية الشروق 11,مبنى المعهد العالي للهندسة بداخل أكاديمية الشروق - ضاحية النخيل - بجوار الجامعة البريطانية - مدينة الشروق - القاهرة,https://maps.app.goo.gl/2ZrcWowfeskTGRNRA,د.فهمي,010 02599148,,,117,175,9,,7,G4,G4,G4,G4,G4,G4,G4,Physical-DS-G737,Physical-DS-G736,Physical-DS-G735,Physical-DS-G734,Physical-DS-G759,Physical-DS-G754,Physical-DS-G732,
L325,القاهرة,السلام,26,Professionals,اكاديمية الشروق,اكاديمية الشروق 1,مبنى المعهد العالي للهندسة بداخل أكاديمية الشروق - ضاحية النخيل - بجوار الجامعة البريطانية - مدينة الشروق - القاهرة,https://maps.app.goo.gl/2ZrcWowfeskTGRNRA,د.فهمي,010 02599148,محمد جلال,1224816917,134,162,9,,7,G5,G5,G5,G5,G5,G4,G4,Physical-DS-G744,Physical-DS-G743,Physical-DS-G742,Physical-DS-G741,Physical-DS-G745,Physical-DS-G740,Physical-DS-G739,
L326,القاهرة,السلام,26,Professionals,اكاديمية الشروق,اكاديمية الشروق 2,مبنى المعهد العالي للهندسة بداخل أكاديمية الشروق - ضاحية النخيل - بجوار الجامعة البريطانية - مدينة الشروق - القاهرة,https://maps.app.goo.gl/2ZrcWowfeskTGRNRA,د.فهمي,010 02599148,هشام ابوهاشم,1224417124,147,175,9,,7,G5,G5,G5,G5,G5,G5,G5,Physical-DS-G751,Physical-DS-G750,Physical-DS-G749,Physical-DS-G748,Physical-DS-G752,Physical-DS-G747,Physical-DS-G746,
L327,القاهرة,السلام,26,Professionals,اكاديمية الشروق,اكاديمية الشروق 3,مبنى المعهد العالي للهندسة بداخل أكاديمية الشروق - ضاحية النخيل - بجوار الجامعة البريطانية - مدينة الشروق - القاهرة,https://maps.app.goo.gl/2ZrcWowfeskTGRNRA,د.فهمي,010 02599148,منى سعيد,1154961545,146,135,7,,7,G6,G6,G6,G6,G6,G6,G5,Physical-DS-G758,Physical-DS-G757,Physical-DS-G756,Physical-DS-G755,Physical-DS-G738,Physical-DS-G733,Physical-DS-G753,
L328,القاهرة,الشروق,25,Professionals,اكاديمية الشروق,اكاديمية الشروق 4,مبنى المعهد العالي للهندسة بداخل أكاديمية الشروق - ضاحية النخيل - بجوار الجامعة البريطانية - مدينة الشروق - القاهرة,https://maps.app.goo.gl/2ZrcWowfeskTGRNRA,د.فهمي,010 02599148,محمد احمد الاشرم,1121188663,148,196,10,,7,G4,G4,G4,G4,G4,G4,G4,Physical-DS-G765,Physical-DS-G764,Physical-DS-G763,Physical-DS-G762,Physical-DS-G766,Physical-DS-G761,Physical-DS-G760,
L329,القاهرة,الشروق,25,Professionals,اكاديمية الشروق,اكاديمية الشروق 5,مبنى المعهد العالي للهندسة بداخل أكاديمية الشروق - ضاحية النخيل - بجوار الجامعة البريطانية - مدينة الشروق - القاهرة,https://maps.app.goo.gl/2ZrcWowfeskTGRNRA,د.فهمي,010 02599148,عبدالنبى محمد,1001868659,151,196,10,,7,G4,G4,G4,G4,G4,G4,G4,Physical-DS-G772,Physical-DS-G771,Physical-DS-G770,Physical-DS-G769,Physical-DS-G773,Physical-DS-G768,Physical-DS-G767,
L330,القاهرة,الشروق,25,Professionals,اكاديمية الشروق,اكاديمية الشروق 6,مبنى المعهد العالي للهندسة بداخل أكاديمية الشروق - ضاحية النخيل - بجوار الجامعة البريطانية - مدينة الشروق - القاهرة,https://maps.app.goo.gl/2ZrcWowfeskTGRNRA,د.فهمي,010 02599148,اشرف عبدالمنعم,1005223547,152,191,10,,7,G5,G5,G4,G4,G5,G4,G4,Physical-DS-G779,Physical-DS-G778,Physical-DS-G777,Physical-DS-G776,Physical-DS-G780,Physical-DS-G775,Physical-DS-G774,
L331,القاهرة,الشروق,25,Professionals,اكاديمية الشروق,اكاديمية الشروق 7,مبنى المعهد العالي للهندسة بداخل أكاديمية الشروق - ضاحية النخيل - بجوار الجامعة البريطانية - مدينة الشروق - القاهرة,https://maps.app.goo.gl/2ZrcWowfeskTGRNRA,د.فهمي,010 02599148,محمد سعد,1202755284,142,187,10,,7,G6,G5,G5,G5,G6,G5,G5,Physical-DS-G786,Physical-DS-G785,Physical-DS-G784,Physical-DS-G783,Physical-DS-G787,Physical-DS-G782,Physical-DS-G781,
L332,القاهرة,الشروق,25,Professionals,اكاديمية الشروق,اكاديمية الشروق 8,مبنى المعهد العالي للهندسة بداخل أكاديمية الشروق - ضاحية النخيل - بجوار الجامعة البريطانية - مدينة الشروق - القاهرة,https://maps.app.goo.gl/2ZrcWowfeskTGRNRA,د.فهمي,010 02599148,عبدالله محمد,1061999485,18,26,2,,1,,,,,,,G6,,,,,,,Physical-DS-G788,
L380,القاهرة,العباسية,20,Compusoft,نقابة التطبيقين بالعباسية,نقابة التطبيقين بالعباسية 1,برج التطبيقيين، ميدان العباسية، العباسية، محافظة القاهرة,https://maps.app.goo.gl/MFCmqpnnVwzJvxZg9,م.عبير محمد,1009944016,مهاب طارق,1282837808,87,142,8,,7,G5,G4,G4,G4,G5,G4,G4,Physical-DS-G794,Physical-DS-G793,Physical-DS-G792,Physical-DS-G791,Physical-DS-G795,Physical-DS-G790,Physical-DS-G789,
L560,القاهرة,العباسية,20,Compusoft,نقابة التطبيقين بالعباسية,نقابة التطبيقين بالعباسية 2,برج التطبيقيين، ميدان العباسية، العباسية، محافظة القاهرة,https://maps.app.goo.gl/MFCmqpnnVwzJvxZg9,م.عبير محمد,1009944016,احمد اشرف,0 11 57802665,10,15,1,,1,,,,,,,G6,,,,,,,Physical-DS-G796,
L546,القاهرة,القاهرة الجديدة,20,Professionals,اكادميه القاهره الجديده,اكادميه القاهره الجديده 1,"معاهد القاهرة الجديدة التجمع الخامس أمام مول اربيلا بلازا - مرتفعات الجولف - المنطقة الرابعة - الحى الثالث, التجمع الخامس, القاهرة الجديدة, القاهرة",https://maps.app.goo.gl/8TQaNoXtPg323Nc77,د وليد - مرفت محمود,01144333517- 01003854983,غاده,010 70395400,129,161,9,,7,G4,G4,G4,G4,G4,G4,G4,Physical-DS-G802,Physical-DS-G801,Physical-DS-G800,Physical-DS-G799,Physical-DS-G803,Physical-DS-G798,Physical-DS-G797,
L547,القاهرة,القاهرة الجديدة,20,Professionals,اكادميه القاهره الجديده,اكادميه القاهره الجديده 2,"معاهد القاهرة الجديدة التجمع الخامس أمام مول اربيلا بلازا - مرتفعات الجولف - المنطقة الرابعة - الحى الثالث, التجمع الخامس, القاهرة الجديدة, القاهرة",https://maps.app.goo.gl/8TQaNoXtPg323Nc77,د وليد - مرفت محمود,01144333517- 01003854983,تهاني,010 16464225,126,161,9,,7,G4,G4,G4,G4,G4,G4,G4,Physical-DS-G809,Physical-DS-G808,Physical-DS-G807,Physical-DS-G806,Physical-DS-G810,Physical-DS-G805,Physical-DS-G804,
L548,القاهرة,القاهرة الجديدة,20,Professionals,اكادميه القاهره الجديده,اكادميه القاهره الجديده 3,"معاهد القاهرة الجديدة التجمع الخامس أمام مول اربيلا بلازا - مرتفعات الجولف - المنطقة الرابعة - الحى الثالث, التجمع الخامس, القاهرة الجديدة, القاهرة",https://maps.app.goo.gl/8TQaNoXtPg323Nc77,د وليد - مرفت محمود,01144333517- 01003854983,منه,010 92278686,120,161,9,,7,G4,G4,G4,G4,G4,G4,G4,Physical-DS-G816,Physical-DS-G815,Physical-DS-G814,Physical-DS-G813,Physical-DS-G817,Physical-DS-G812,Physical-DS-G811,
L549,القاهرة,القاهرة الجديدة,20,Professionals,اكادميه القاهره الجديده,اكادميه القاهره الجديده 4,"معاهد القاهرة الجديدة التجمع الخامس أمام مول اربيلا بلازا - مرتفعات الجولف - المنطقة الرابعة - الحى الثالث, التجمع الخامس, القاهرة الجديدة, القاهرة",https://maps.app.goo.gl/8TQaNoXtPg323Nc77,د وليد - مرفت محمود,01144333517- 01003854983,يوسف احمد حسني,1151167661,113,148,8,,7,G5,G5,G5,G4,G5,G4,G4,Physical-DS-G823,Physical-DS-G822,Physical-DS-G821,Physical-DS-G820,Physical-DS-G824,Physical-DS-G819,Physical-DS-G818,
L550,القاهرة,القاهرة الجديدة,20,Professionals,اكادميه القاهره الجديده,اكادميه القاهره الجديده 5,"معاهد القاهرة الجديدة التجمع الخامس أمام مول اربيلا بلازا - مرتفعات الجولف - المنطقة الرابعة - الحى الثالث, التجمع الخامس, القاهرة الجديدة, القاهرة",https://maps.app.goo.gl/8TQaNoXtPg323Nc77,د وليد - مرفت محمود,01144333517- 01003854983,وليد,0 11 44333517,126,161,9,,7,G5,G5,G5,G5,G5,G5,G5,Physical-DS-G830,Physical-DS-G829,Physical-DS-G828,Physical-DS-G827,Physical-DS-G831,Physical-DS-G826,Physical-DS-G825,
L551,القاهرة,القاهرة الجديدة,20,Professionals,اكادميه القاهره الجديده,اكادميه القاهره الجديده 6,"معاهد القاهرة الجديدة التجمع الخامس أمام مول اربيلا بلازا - مرتفعات الجولف - المنطقة الرابعة - الحى الثالث, التجمع الخامس, القاهرة الجديدة, القاهرة",https://maps.app.goo.gl/8TQaNoXtPg323Nc77,د وليد - مرفت محمود,01144333517- 01003854983,محمد صلاح,0 11 56411137,82,110,6,,5,G6,G6,G6,G6,,G6,,Physical-DS-G837,Physical-DS-G836,Physical-DS-G835,Physical-DS-G834,,Physical-DS-G833,,
L770,القاهرة,المعادي,25,Ischool,مدرسة ستارز 2,مدرسة ستارز 2 - 1,6 هـ أرض الاستثمار بجوار كارفور المعادى - مدرسة ستارز 1,https://maps.app.goo.gl/WMEQauiMfu61jUd9A,م/ هند عادل,1148510351,ahmed ibrahim,1200014448,121,168,9,,7,G4,G4,G4,G4,G4,G4,G4,Physical-DS-G843,Physical-DS-G842,Physical-DS-G841,Physical-DS-G840,Physical-DS-G844,Physical-DS-G839,Physical-DS-G838,
L571,القاهرة,المعادي,22,Ischool,مدرسة ستارز 2,مدرسة ستارز 2 - 2,6 هـ أرض الاستثمار بجوار كارفور المعادى - مدرسة ستارز 1,https://maps.app.goo.gl/WMEQauiMfu61jUd9A,م/ هند عادل,1148510351,Amany Hamdy,1116073885,130,168,9,,7,G4,G4,G4,G4,G4,G4,G4,Physical-DS-G850,Physical-DS-G849,Physical-DS-G848,Physical-DS-G847,Physical-DS-G851,Physical-DS-G846,Physical-DS-G845,
L572,القاهرة,المعادي,25,Ischool,مدرسة ستارز 3,مدرسة ستارز 3 - 1,أرض الاستثمار بجوار كارفور المعادى - مدرسة ستارز الدولية 3,https://maps.app.goo.gl/UcbLfwc1DK4DyAEb9,م/ هند عادل,1148510351,Heba Shabaan,1147996144,132,168,9,,7,G4,G4,G4,G4,G4,G4,G4,Physical-DS-G857,Physical-DS-G856,Physical-DS-G855,Physical-DS-G854,Physical-DS-G858,Physical-DS-G853,Physical-DS-G852,
L573,القاهرة,المعادي,22,Ischool,مدرسة ستارز 3,مدرسة ستارز 3 - 2,أرض الاستثمار بجوار كارفور المعادى - مدرسة ستارز الدولية 3,https://maps.app.goo.gl/UcbLfwc1DK4DyAEb9,م/ هند عادل,1148510351,Sonia Helmy,1107216462,121,151,8,,7,G5,G4,G4,G4,G5,G4,G4,Physical-DS-G864,Physical-DS-G863,Physical-DS-G862,Physical-DS-G861,Physical-DS-G865,Physical-DS-G860,Physical-DS-G859,
L374,القاهرة,المعادي,20,Compusoft,مراكز يات للتدريب – المعادي,مراكز يات للتدريب – المعادي 3,"48 شارع 7، المعادي الشرقية، حي المعادي، محافظة القاهرة،
أمام محطة مترو المعادي مباشرة.",https://maps.app.goo.gl/L2uwK6pV4PqGQ85d9,,,شريف علي,0 10 15400661,132,168,9,,7,G5,G5,G5,G5,G5,G5,G5,Physical-DS-G871,Physical-DS-G870,Physical-DS-G869,Physical-DS-G868,Physical-DS-G872,Physical-DS-G867,Physical-DS-G866,
L375,القاهرة,المعادي,20,Compusoft,مراكز يات للتدريب – المعادي,مراكز يات للتدريب – المعادي 4,"48 شارع 7، المعادي الشرقية، حي المعادي، محافظة القاهرة،
أمام محطة مترو المعادي مباشرة.",https://maps.app.goo.gl/L2uwK6pV4PqGQ85d9,,,,,126,166,9,,7,G6,G6,G6,G5,G6,G5,G5,Physical-DS-G878,Physical-DS-G877,Physical-DS-G876,Physical-DS-G875,Physical-DS-G879,Physical-DS-G874,Physical-DS-G873,
L376,القاهرة,المعادي,20,Compusoft,مراكز يات للتدريب – المعادي,مراكز يات للتدريب – المعادي 5,"48 شارع 7، المعادي الشرقية، حي المعادي، محافظة القاهرة،
أمام محطة مترو المعادي مباشرة.",https://maps.app.goo.gl/L2uwK6pV4PqGQ85d9,,,,,10,15,1,,1,,,,,,,G6,,,,,,,Physical-DS-G880,
L382,القاهرة,حدائق القبة,20,Compusoft,المعهد الأمني للتنمية البشرية,المعهد الأمني للتنمية البشرية 2,417 رمسيس - العباسية البحرية - الويلى - محافظة القاهرة,https://maps.app.goo.gl/rXQj5xmHU5Yodd16A,,,عمر محمد صلاح,1271076961,82,116,6,,6,G4,G4,G4,G4,,G4,G4,Physical-DS-G886,Physical-DS-G885,Physical-DS-G884,Physical-DS-G883,,Physical-DS-G882,Physical-DS-G881,
L383,القاهرة,حدائق القبة,20,Compusoft,المعهد الأمني للتنمية البشرية,المعهد الأمني للتنمية البشرية 3,417 رمسيس - العباسية البحرية - الويلى - محافظة القاهرة,https://maps.app.goo.gl/rXQj5xmHU5Yodd16A,,,عمر احمد,0 11 26484179,72,105,6,,7,G6,G5,G5,G5,G6,G5,G5,Physical-DS-G893,Physical-DS-G892,Physical-DS-G891,Physical-DS-G890,Physical-DS-G894,Physical-DS-G889,Physical-DS-G888,
L385,القاهرة,حلوان,20,Compusoft,مدرسة برايت حلوان,مدرسة برايت 1,مدرسة برايت، شارع عمارات سيماف المساكن الإقتصادية، قسم حلوان، القاهرة,https://maps.app.goo.gl/DoPcKnpwaSx127cK9,محمد احمد,1149378679,محمد طه,0 11 17517983,113,161,9,,7,G4,G4,G4,G4,G4,G4,G4,Physical-DS-G900,Physical-DS-G899,Physical-DS-G898,Physical-DS-G897,Physical-DS-G901,Physical-DS-G896,Physical-DS-G895,
L386,القاهرة,حلوان,20,Compusoft,مدرسة برايت حلوان,مدرسة برايت 2,مدرسة برايت، شارع عمارات سيماف المساكن الإقتصادية، قسم حلوان، القاهرة,https://maps.app.goo.gl/DoPcKnpwaSx127cK9,محمد احمد,1149378679,هنا خالد,0 11 01235124,120,161,9,,7,G4,G4,G4,G4,G4,G4,G4,Physical-DS-G907,Physical-DS-G906,Physical-DS-G905,Physical-DS-G904,Physical-DS-G908,Physical-DS-G903,Physical-DS-G902,
L387,القاهرة,حلوان,20,Compusoft,مدرسة برايت حلوان,مدرسة برايت 3,مدرسة برايت، شارع عمارات سيماف المساكن الإقتصادية، قسم حلوان، القاهرة,https://maps.app.goo.gl/DoPcKnpwaSx127cK9,محمد احمد,1149378679,استاذ حسين,0 10 08604315,121,159,8,,7,G5,G5,G5,G4,G5,G4,G4,Physical-DS-G914,Physical-DS-G913,Physical-DS-G912,Physical-DS-G911,Physical-DS-G915,Physical-DS-G910,Physical-DS-G909,
L388,القاهرة,حلوان,20,Compusoft,مدرسة برايت حلوان,مدرسة برايت 5,مدرسة برايت، شارع عمارات سيماف المساكن الإقتصادية، قسم حلوان، القاهرة,https://maps.app.goo.gl/DoPcKnpwaSx127cK9,محمد احمد,1149378679,استاذ حسين,0 10 08604315,94,131,7,,7,G6,G6,G5,G5,G6,G5,G5,Physical-DS-G921,Physical-DS-G920,Physical-DS-G919,Physical-DS-G918,Physical-DS-G922,Physical-DS-G917,Physical-DS-G916,
L422,القاهرة,شبرا,20,Compusoft,مركز جريدة الاهرام اماك,مركز جريدة الاهرام اماك 1,مبني جريد الاهرام شارع الجلاء - وسط البلد- مترو جمال عبد الناصر,https://maps.app.goo.gl/KzqEHcyB23mtRvu56,م/ سيد علي عيد,1002302618,مصطفى محمد,0 11 43499919,116,161,9,,7,G4,G4,G4,G4,G4,G4,G4,Physical-DS-G928,Physical-DS-G927,Physical-DS-G926,Physical-DS-G925,Physical-DS-G929,Physical-DS-G924,Physical-DS-G923,
L423,القاهرة,شبرا,20,Compusoft,مركز جريدة الاهرام اماك,مركز جريدة الاهرام اماك 2,مبني جريد الاهرام شارع الجلاء - وسط البلد- مترو جمال عبد الناصر,https://maps.app.goo.gl/KzqEHcyB23mtRvu56,م/ سيد علي عيد,1002302618,مصطفى عبد الحميد,0 11 59651556,119,159,8,,7,G4,G4,G4,G4,G4,G4,G4,Physical-DS-G935,Physical-DS-G934,Physical-DS-G933,Physical-DS-G932,Physical-DS-G936,Physical-DS-G931,Physical-DS-G930,
L424,القاهرة,شبرا,20,Compusoft,مركز جريدة الاهرام اماك,مركز جريدة الاهرام اماك 3,مبني جريد الاهرام شارع الجلاء - وسط البلد- مترو جمال عبد الناصر,https://maps.app.goo.gl/KzqEHcyB23mtRvu56,م/ سيد علي عيد,1002302618,مروان شريف,0 12 06702214,106,147,8,,7,G5,G5,G5,G5,G6,G5,G5,Physical-DS-G942,Physical-DS-G941,Physical-DS-G940,Physical-DS-G939,Physical-DS-G943,Physical-DS-G938,Physical-DS-G937,
L559,القاهرة,شبرا,20,Compusoft,مركز جريدة الاهرام اماك,مركز جريدة الاهرام اماك 4,مبني جريد الاهرام شارع الجلاء - وسط البلد- مترو جمال عبد الناصر,https://maps.app.goo.gl/KzqEHcyB23mtRvu56,م/ سيد علي عيد,1002302618,استاذ سيد علي,0 10 02302618,16,21,2,,1,,,,,,,G6,,,,,,,Physical-DS-G944,
L391,القاهرة,مدينة نصر,20,Professionals,المتحده للتدريب,المتحده للتدريب 1,٢٠ ش الطيران مدينه نصر رابعه العدويه. الدور الثاني فوق محل BEIN,https://maps.app.goo.gl/vMF441bMEaDtnPKF9,,,د/ عبد الحكيم,1110712800,122,161,9,,7,G4,G4,G4,G4,G4,G4,G4,Physical-DS-G950,Physical-DS-G949,Physical-DS-G948,Physical-DS-G947,Physical-DS-G951,Physical-DS-G946,Physical-DS-G945,
L392,القاهرة,مدينة نصر,20,Professionals,المتحده للتدريب,المتحده للتدريب 2,٢٠ ش الطيران مدينه نصر رابعه العدويه. الدور الثاني فوق محل BEIN,https://maps.app.goo.gl/vMF441bMEaDtnPKF9,,,مصطفي,1144453597,119,161,9,,7,G4,G4,G4,G4,G4,G4,G4,Physical-DS-G957,Physical-DS-G956,Physical-DS-G955,Physical-DS-G954,Physical-DS-G958,Physical-DS-G953,Physical-DS-G952,
L393,القاهرة,مدينة نصر,20,Professionals,المتحده للتدريب,المتحده للتدريب 3,٢٠ ش الطيران مدينه نصر رابعه العدويه. الدور الثاني فوق محل BEIN,https://maps.app.goo.gl/vMF441bMEaDtnPKF9,,,حاتم احمد,1224217013,125,161,9,,7,G4,G4,G4,G4,G4,G4,G4,Physical-DS-G964,Physical-DS-G963,Physical-DS-G962,Physical-DS-G961,Physical-DS-G965,Physical-DS-G960,Physical-DS-G959,
L394,القاهرة,مدينة نصر,20,Professionals,حلم وفكر,حلم وفكر 1,شارع خضر التوني امام محطة مترو الاستاد .. مبني دور ارضي مستقل,https://maps.app.goo.gl/PVbzoN2EN7zARCCJ6,,,سمر,1099499294,110,145,8,,7,G5,G4,G4,G4,G5,G4,G4,Physical-DS-G971,Physical-DS-G970,Physical-DS-G969,Physical-DS-G968,Physical-DS-G972,Physical-DS-G967,Physical-DS-G966,
L395,القاهرة,مدينة نصر,20,Professionals,حلم وفكر,حلم وفكر 2,شارع خضر التوني امام محطة مترو الاستاد .. مبني دور ارضي مستقل,https://maps.app.goo.gl/PVbzoN2EN7zARCCJ6,,,محمد محسن,1005064264,124,161,9,,7,G5,G5,G5,G5,G5,G5,G5,Physical-DS-G978,Physical-DS-G977,Physical-DS-G976,Physical-DS-G975,Physical-DS-G979,Physical-DS-G974,Physical-DS-G973,
L396,القاهرة,مدينة نصر,20,Professionals,حلم وفكر,حلم وفكر 3,شارع خضر التوني امام محطة مترو الاستاد .. مبني دور ارضي مستقل,https://maps.app.goo.gl/PVbzoN2EN7zARCCJ6,,,غادة,1070395400,108,144,8,,7,G6,G5,G5,G5,G6,G5,G5,Physical-DS-G985,Physical-DS-G984,Physical-DS-G983,Physical-DS-G982,Physical-DS-G986,Physical-DS-G981,Physical-DS-G980,
L406,القاهرة,مدينة نصر,20,Compusoft,مركز التدريب لتكنولجيا المعلومات للتعبئة العامة والاحصاء,مركز التدريب لتكنولجيا المعلومات للتعبئة العامة والاحصاء 9,تقاطع صلاح سالم مع ش امتداد رمسيس مصر الجديده- بجوار نقابة التجارين,https://maps.app.goo.gl/G9gT4ZW6E7ZjqNSX6,محمد سعيد,1070027823,احمد محمود رمضان,1061677103,36,47,3,,2,,,,,,G6,G6,,,,,,Physical-DS-G988,Physical-DS-G987,
L344,القاهرة,مصر الجديدة,20,Compusoft,مركز التدريب لتكنولجيا المعلومات للتعبئة العامة والاحصاء,مركز التدريب لتكنولجيا المعلومات للتعبئة العامة والاحصاء 1,تقاطع صلاح سالم مع ش امتداد رمسيس مصر الجديده- بجوار نقابة التجارين,https://maps.app.goo.gl/G9gT4ZW6E7ZjqNSX6,محمد سعيد,1070027823,عبد الرحمن ايمن,1114861178,121,161,9,,7,G4,G4,G4,G4,G4,G4,G4,Physical-DS-G995,Physical-DS-G994,Physical-DS-G993,Physical-DS-G992,Physical-DS-G996,Physical-DS-G991,Physical-DS-G990,
L345,القاهرة,مصر الجديدة,20,Compusoft,مركز التدريب لتكنولجيا المعلومات للتعبئة العامة والاحصاء,مركز التدريب لتكنولجيا المعلومات للتعبئة العامة والاحصاء 2,تقاطع صلاح سالم مع ش امتداد رمسيس مصر الجديده- بجوار نقابة التجارين,https://maps.app.goo.gl/G9gT4ZW6E7ZjqNSX6,محمد سعيد,1070027823,احمد ايمن سعد,1555929268,120,161,9,,7,G4,G4,G4,G4,G4,G4,G4,Physical-DS-G1002,Physical-DS-G1001,Physical-DS-G1000,Physical-DS-G999,Physical-DS-G1003,Physical-DS-G998,Physical-DS-G997,
L346,القاهرة,مصر الجديدة,20,Compusoft,مركز التدريب لتكنولجيا المعلومات للتعبئة العامة والاحصاء,مركز التدريب لتكنولجيا المعلومات للتعبئة العامة والاحصاء 3,تقاطع صلاح سالم مع ش امتداد رمسيس مصر الجديده- بجوار نقابة التجارين,https://maps.app.goo.gl/G9gT4ZW6E7ZjqNSX6,محمد سعيد,1070027823,محمد جمال محمد,0 11 15575727,115,157,8,,7,G5,G5,G5,G5,G5,G4,G4,Physical-DS-G1009,Physical-DS-G1008,Physical-DS-G1007,Physical-DS-G1006,Physical-DS-G1010,Physical-DS-G1005,Physical-DS-G1004,
L347,القاهرة,مصر الجديدة,20,Compusoft,مركز التدريب لتكنولجيا المعلومات للتعبئة العامة والاحصاء,مركز التدريب لتكنولجيا المعلومات للتعبئة العامة والاحصاء 4,تقاطع صلاح سالم مع ش امتداد رمسيس مصر الجديده- بجوار نقابة التجارين,https://maps.app.goo.gl/G9gT4ZW6E7ZjqNSX6,محمد سعيد,1070027823,أميره سعيد,0 10 22762687,63,93,5,,5,,G6,G6,G6,,G5,G5,,Physical-DS-G1015,Physical-DS-G1014,Physical-DS-G1013,,Physical-DS-G1012,Physical-DS-G1011,
L425,القاهرة,وسط البلد,20,Compusoft,مركز تدريب جريدة الجمهورية,مركز تدريب جريدة الجمهورية 1,رمسيس، الجيارة، الأزبكية، محافظة القاهرة‬,https://maps.app.goo.gl/xYoYJg4Uk6qQ4tbG6,م. ايمان,1099953639,احمد ياسر,1149926576,110,150,8,,7,G4,G4,G4,G4,G4,G4,G4,Physical-DS-G1021,Physical-DS-G1020,Physical-DS-G1019,Physical-DS-G1018,Physical-DS-G1022,Physical-DS-G1017,Physical-DS-G1016,
L426,القاهرة,وسط البلد,20,Compusoft,مركز تدريب جريدة الجمهورية,مركز تدريب جريدة الجمهورية 2,رمسيس، الجيارة، الأزبكية، محافظة القاهرة‬,https://maps.app.goo.gl/xYoYJg4Uk6qQ4tbG6,م. ايمان,1099953639,محمد ربيع,1097000211,91,119,6,,6,G6,G6,G5,G5,,G5,G5,Physical-DS-G1028,Physical-DS-G1027,Physical-DS-G1026,Physical-DS-G1025,,Physical-DS-G1024,Physical-DS-G1023,
L101,القليوبية,العبور,25,Ischool,مدرسة طيبة المتكاملة للغات,مدرسة طيبة 1,الكيلو 27 طريق القاهرة الإسماعيلية الصحراوى,https://maps.app.goo.gl/NHU7dtZ3Ms4xNnhDA,احمد سليمان,1090275453,محمد حسن,1153335701,157,196,10,,7,G4,G4,G4,G4,G4,G4,G4,Physical-DS-G1034,Physical-DS-G1033,Physical-DS-G1032,Physical-DS-G1031,Physical-DS-G1035,Physical-DS-G1030,Physical-DS-G1029,
L102,القليوبية,العبور,25,Ischool,مدرسة طيبة المتكاملة للغات,مدرسة طيبة 2,الكيلو 27 طريق القاهرة الإسماعيلية الصحراوى,https://maps.app.goo.gl/NHU7dtZ3Ms4xNnhDA,احمد سليمان,1090275453,عمر,1201257201,149,187,10,,7,G4,G4,G4,G4,G5,G4,G4,Physical-DS-G1041,Physical-DS-G1040,Physical-DS-G1039,Physical-DS-G1038,Physical-DS-G1042,Physical-DS-G1037,Physical-DS-G1036,
L103,القليوبية,العبور,25,Ischool,مدرسة طيبة المتكاملة للغات,مدرسة طيبة 3,الكيلو 27 طريق القاهرة الإسماعيلية الصحراوى,https://maps.app.goo.gl/NHU7dtZ3Ms4xNnhDA,احمد سليمان,1090275453,ايهاب,1121698999,146,194,10,,7,G6,G5,G5,G5,G6,G5,G5,Physical-DS-G1048,Physical-DS-G1047,Physical-DS-G1046,Physical-DS-G1045,Physical-DS-G1049,Physical-DS-G1044,Physical-DS-G1043,
L104,القليوبية,العبور,25,Ischool,مدرسة طيبة المتكاملة للغات,مدرسة طيبة 4,الكيلو 27 طريق القاهرة الإسماعيلية الصحراوى,https://maps.app.goo.gl/NHU7dtZ3Ms4xNnhDA,احمد سليمان,1090275453,مصطفى سعد,1208909869,16,21,1,,1,,,,,,,G6,,,,,,,Physical-DS-G1050,
L109,القليوبية,بنها,20,Mohamed Salah,المجموعة المتحدة - مجمع خدمات المرأه,المجموعة المتحدة - مجمع خدمات المرأه 1,بنها الاشاره شارع كليه الطب البشري اخر الشارع أمام النادي الرياضي مجمع خدمات المرأة المتكامل الدور الثالث,https://maps.app.goo.gl/eTHWN2XHA7vmq9Bp8,م.محمد صلاح,1229018061,منى سامى,1010580400,115,161,9,,7,G4,G4,G4,G4,G4,G4,G4,Physical-DS-G1056,Physical-DS-G1055,Physical-DS-G1054,Physical-DS-G1053,Physical-DS-G1057,Physical-DS-G1052,Physical-DS-G1051,
L110,القليوبية,بنها,20,Mohamed Salah,المجموعة المتحدة - مجمع خدمات المرأه,المجموعة المتحدة - مجمع خدمات المرأه 2,بنها الاشاره شارع كليه الطب البشري اخر الشارع أمام النادي الرياضي مجمع خدمات المرأة المتكامل الدور الثالث,https://maps.app.goo.gl/eTHWN2XHA7vmq9Bp8,م.محمد صلاح,1229018061,وفاء محمد,1063499184,113,152,8,,7,G5,G5,G5,G4,G5,G4,G4,Physical-DS-G1063,Physical-DS-G1062,Physical-DS-G1061,Physical-DS-G1060,Physical-DS-G1064,Physical-DS-G1059,Physical-DS-G1058,
L114,القليوبية,بنها,20,IUC,ديوان عام محافظة القليوبية,ديوان عام محافظة القليوبية 1,قسم بنها، بنها، محافظة القليوبية,https://maps.app.goo.gl/6qDLqSZC11XA1fQcA,محمد طاهر,1092400766,سالي محمد عبد العزيز,1551740007,97,125,7,,6,G6,G6,G6,G6,,G5,G5,Physical-DS-G1070,Physical-DS-G1069,Physical-DS-G1068,Physical-DS-G1067,,Physical-DS-G1066,Physical-DS-G1065,
L120,القليوبية,شبرا الخيمة,20,IUC,المدرسة المصرية الثانوية للتلمذة,المدرسة المصرية الثانوية للتلمذة 2,"القليوبية - شبرا الخيمة الثانية, الشارع الجديد, القليوبية, محافظة القليوبية",https://maps.app.goo.gl/AaUqYigutcbVZYSR6,سمير حمام,1002593920,,1151318092,12,161,9,,7,G4,G4,G4,G4,G4,G4,G4,Physical-DS-G1083,Physical-DS-G1082,Physical-DS-G1081,Physical-DS-G1080,,,Physical-DS-G1078,
L117,القليوبية,شبرا الخيمة,20,Ischool,جمعية تنمية المجتمع بمساكن الكابلات,أكاديمية الكابلات للحاسبات,جمعية تنمية المجتمع المحلى بمساكن الكابلات - بجوار مدرسة الكابلات الابتدائيه - محطة مسج - د ابو الهنا الشارع الجديد,https://maps.app.goo.gl/JoruimXXQX4kFJKU7,احمد محمود,"01100111017
01016156254",مروة احمد,1222704893,119,161,9,,7,G4,G4,G4,G4,G4,G4,G4,Physical-DS-G1076,Physical-DS-G1075,Physical-DS-G1074,Physical-DS-G1073,Physical-DS-G1077,Physical-DS-G1072,Physical-DS-G1071,
L567,القليوبية,شبرا الخيمة,20,Ischool,جمعية تنمية المجتمع بمساكن الكابلات,أكاديمية الكابلات للحاسبات 2,جمعية تنمية المجتمع المحلى بمساكن الكابلات - بجوار مدرسة الكابلات الابتدائيه - محطة مسج - د ابو الهنا الشارع الجديد,https://maps.app.goo.gl/JoruimXXQX4kFJKU7,احمد محمود,"01100111017
01016156254",احمد محمود,0 10 16156254,96,140,7,,6,G6,G6,,G5,G6,G5,G5,Physical-DS-G1097,Physical-DS-G1096,,Physical-DS-G1094,Physical-DS-G1098,Physical-DS-G1093,Physical-DS-G1092,
L118,القليوبية,شبرا الخيمة,20,Professionals,مؤسسة 6 أكتوبر للتنمية البشرية,مؤسسة 6 أكتوبر للتنمية البشرية 1,شارع 15 مايو - الشارع الجديد بجوار جامع ابو الهنا شبرا الخيمه - محافظة القليوبية,https://maps.app.goo.gl/G2bawurKpECdQNLs7,محمد جهاد,1151318092,محمد جهاد,1151318092,119,156,8,,7,G5,G5,G5,G5,G5,G4,G4,Physical-DS-G1090,Physical-DS-G1089,Physical-DS-G1088,Physical-DS-G1087,Physical-DS-G1084,Physical-DS-G1079,Physical-DS-G1085,
L119,القليوبية,شبرا الخيمة,20,Professionals,مؤسسة 6 أكتوبر للتنمية البشرية,مؤسسة 6 أكتوبر للتنمية البشرية 2,شارع 15 مايو - الشارع الجديد بجوار جامع ابو الهنا شبرا الخيمه - محافظة القليوبية,https://maps.app.goo.gl/G2bawurKpECdQNLs7,حنان دياب,1007662269,ساره سمير,1154031998,115,20,1,,1,,,,,,,G6,,,,,Physical-DS-G1091,Physical-DS-G1086,Physical-DS-G1099,
L123,القليوبية,شبين القناطر,20,Mohamed Salah,أكاديمية نافع,أكاديمية نافع 1,شبين القناطر شبين القناطر - خلف مستشفى طيبة - ش. جامع التوحيد -,https://maps.app.goo.gl/RHPTYoANEqxaYRiC7,م.محمد صلاح,1229018061,Mohamed Sherif,1003221762,112,153,8,,7,G5,G4,G4,G4,G5,G4,G4,Physical-DS-G1105,Physical-DS-G1104,Physical-DS-G1103,Physical-DS-G1102,Physical-DS-G1106,Physical-DS-G1101,Physical-DS-G1100,
L124,القليوبية,شبين القناطر,20,Mohamed Salah,أكاديمية نافع,أكاديمية نافع 2,شبين القناطر شبين القناطر - خلف مستشفى طيبة - ش. جامع التوحيد -,https://maps.app.goo.gl/RHPTYoANEqxaYRiC7,م.محمد صلاح,1229018061,Mohamed Sherif,1003221762,28,30,2,,3,,,,G6,,G6,G5,,,,Physical-DS-G1109,,Physical-DS-G1108,Physical-DS-G1107,
L126,القليوبية,قليوب,20,Ischool,مدرسة الشيماء الخاصة,مدرسة الشيماء الخاصة 1,قليوب البلد شارع مسجد الخليل متفرع من شارع الثلاثين,https://maps.app.goo.gl/6CeYFnAFXRspPRgS8,ايناس,1006831353,مروي سلامة,1204216075,96,136,7,,7,G5,G5,G4,G4,G6,G4,G4,Physical-DS-G1115,Physical-DS-G1114,Physical-DS-G1113,Physical-DS-G1112,Physical-DS-G1116,Physical-DS-G1111,Physical-DS-G1110,
L130,المنوفية,أشمون,20,Ischool,مؤسسه الشروق للتدريب - فرع اشمون,مؤسسه الشروق للتدريب - فرع اشمون 1,شارع السجل المدني متفرع من ميدان صيدناوى عماره المنطاوى,https://maps.app.goo.gl/uSWsdmiV1adHqrKa9,ندا مجدي,1067333830,روان حمدى,1553661798,100,143,8,,7,G5,G5,G4,G4,G5,G4,G4,Physical-DS-G1122,Physical-DS-G1121,Physical-DS-G1120,Physical-DS-G1119,Physical-DS-G1123,Physical-DS-G1118,Physical-DS-G1117,
L131,المنوفية,أشمون,20,Ischool,مؤسسه الشروق للتدريب - فرع اشمون,مؤسسه الشروق للتدريب - فرع اشمون 2,شارع السجل المدني متفرع من ميدان صيدناوى عماره المنطاوى,https://maps.app.goo.gl/uSWsdmiV1adHqrKa9,ندا مجدي,1067333830,يوسف حسام,1094901518,23,34,2,,2,,,,,,G6,G6,,,,,,Physical-DS-G1125,Physical-DS-G1124,
L133,المنوفية,السادات,15,Ischool,اكاديميه بريق فرع نادي القادسية,اكاديميه بريق فرع نادي القادسية,نادي القادسية المنطقه الاولي مدينه السادات منوفيه,https://maps.app.goo.gl/kdaQcpTeCCRzApmc6,بسمه شوقي شعلان,1012446261,اميره طارق,1273662327,12,23,2,,2,,,,,,G6,G5,,,,,,Physical-DS-G1134,Physical-DS-G1133,
L132,المنوفية,السادات,15,Ischool,اكاديميه بريق فرع نادي المهندسين,اكاديميه بريق فرع نادي المهندسين,نادي المهندسين المنطقه التالته مدينه السادات منوفيه,https://maps.app.goo.gl/gGgepoq2ZNfhqPmW6,بسمه شوقي شعلان,1012446261,fatma tamarz,1034534376,79,118,6,,7,G5,G4,G4,G4,G5,G4,G4,Physical-DS-G1131,Physical-DS-G1130,Physical-DS-G1129,Physical-DS-G1128,Physical-DS-G1132,Physical-DS-G1127,Physical-DS-G1126,
L134,المنوفية,الشهداء,20,Ischool,مؤسسه الشروق للتدريب - فرع مدينه الشهداء,مؤسسه الشروق للتدريب - فرع مدينه الشهداء 1,شارع بورسعيد امام كشك السمك برج سلطح فوق نظارات نور الإسلام وكاريزما الدور 6 ( يوجد اسانسير),https://maps.app.goo.gl/zUCbb7VvxtE8QYfn6,أحمد كامل,101085021,حمدي حاتم,1068580051,39,66,4,,4,,,G6,G5,,G4,G4,,,Physical-DS-G1138,Physical-DS-G1137,,Physical-DS-G1136,Physical-DS-G1135,
L555,المنوفية,بركة السبع,25,IUC,مركز الحساب العلمي جامعة المنوفية,مركز الحساب العلمي جامعة المنوفية 3,مجمع الكليات شارع جمال عبد الناصر شبين الكوم ، المنوفيه,https://maps.app.goo.gl/LaE4SVhcKzEbne2K8,ا / شعبان,1062594119,ا / شعبان,1062594119,127,176,9,,7,G5,G5,G4,G4,G6,G4,G4,Physical-DS-G1144,Physical-DS-G1143,Physical-DS-G1142,Physical-DS-G1141,Physical-DS-G1145,Physical-DS-G1140,Physical-DS-G1139,
L147,المنوفية,بركة السبع,25,IUC,مركز الحساب العلمي جامعة المنوفية,مركز الحساب العلمي جامعة المنوفية 2,مجمع الكليات شارع جمال عبد الناصر شبين الكوم ، المنوفيه,https://maps.app.goo.gl/LaE4SVhcKzEbne2K8,ا / شعبان,1062594119,ا / شعبان,1062594119,6,10,1,,1,,,,,,,G6,,,,,,,Physical-DS-G1146,
L139,المنوفية,شبين الكوم,20,Ischool,مؤسسه الشروق للتدريب - فرع شبين الكوم,مؤسسه الشروق للتدريب - فرع شبين الكوم 1,نقابة التطبيقيين شارع السجن أمام مديرية الزراعة الدور الثاني,https://maps.app.goo.gl/hWDrTuSyQ8NJB1ys5,علاء جميل ابوعميش,1002304453,منه ابراهيم,1013005924,118,161,9,,7,G4,G4,G4,G4,G4,G4,G4,Physical-DS-G1159,Physical-DS-G1158,Physical-DS-G1157,Physical-DS-G1156,Physical-DS-G1160,Physical-DS-G1155,Physical-DS-G1154,
L140,المنوفية,شبين الكوم,20,Ischool,مؤسسه الشروق للتدريب - فرع شبين الكوم,مؤسسه الشروق للتدريب - فرع شبين الكوم 2,نقابة التطبيقيين شارع السجن أمام مديرية الزراعة الدور الثاني,https://maps.app.goo.gl/hWDrTuSyQ8NJB1ys5,علاء جميل ابوعميش,1002304453,نغم ابراهيم,1029020197,106,146,8,,7,G5,G5,G5,G5,G5,G4,G4,Physical-DS-G1166,Physical-DS-G1165,Physical-DS-G1164,Physical-DS-G1163,Physical-DS-G1167,Physical-DS-G1162,Physical-DS-G1161,
L138,المنوفية,شبين الكوم,20,IUC,نقابة المهندسين المنوفية,نقابة المهندسين المنوفية 1,22 شارع جمال عبدالناصر البحري -شبين الكوم,https://maps.app.goo.gl/s7pwHcw1EuTF4rim7,م.رانيا حمدى,1005043401,رانيا حمدى,1005043401,118,161,9,,7,G4,G4,G4,G4,G4,G4,G4,Physical-DS-G1152,Physical-DS-G1151,Physical-DS-G1150,Physical-DS-G1149,Physical-DS-G1153,Physical-DS-G1148,Physical-DS-G1147,
L144,المنوفية,شبين الكوم,20,IUC,نقابة المهندسين المنوفية,نقابة المهندسين المنوفية 2,22 شارع جمال عبدالناصر البحري -شبين الكوم,https://maps.app.goo.gl/s7pwHcw1EuTF4rim7,م.رانيا حمدى,1005043401,احمد عبدالعاطى,1023250118,105,146,8,,7,G6,G6,G6,G5,G6,G5,G5,Physical-DS-G1173,Physical-DS-G1172,Physical-DS-G1171,Physical-DS-G1170,Physical-DS-G1174,Physical-DS-G1169,Physical-DS-G1168,
L150,المنوفية,قويسنا,20,IUC,Begin Acadmy Qwesna,Begin Acadmy Qwesna 1,شارع مدرسة المساعي، مركز قويسنا، محافظة المنوفية، الدور التاني امام مدرسه المساعي، أعلي شندي للجملة، بجوار مركز الشرطة,https://maps.app.goo.gl/bwMf3eAj6VzdsrtX8,شيماء عز,1030416103,اميره هلال,1024001309,102,144,8,,7,G4,G4,G4,G4,G5,G4,G4,Physical-DS-G1181,Physical-DS-G1180,Physical-DS-G1179,Physical-DS-G1178,Physical-DS-G1182,Physical-DS-G1177,Physical-DS-G1176,
L151,المنوفية,قويسنا,20,IUC,Begin Acadmy Qwesna,Begin Acadmy Qwesna 2,شارع مدرسة المساعي، مركز قويسنا، محافظة المنوفية، الدور التاني امام مدرسه المساعي، أعلي شندي للجملة، بجوار مركز الشرطة,https://maps.app.goo.gl/bwMf3eAj6VzdsrtX8,شيماء عز,1030416103,نجلاء,1223740711,43,62,4,,4,,,G6,G6,,G5,G5,,,Physical-DS-G1186,Physical-DS-G1185,,Physical-DS-G1184,Physical-DS-G1183,
L441,المنيا,المنيا,20,Ischool,أكاديمية إم إن,أكاديمية إم إن1,العنوان المنيا شارع طه حسين الشارع اللي قصاد شرطة الكهرباء تاني بأب من صيدلية د ماريان الدور الارضي عقار 26,https://maps.app.goo.gl/o3NRWd1ym4HNbw7m6,محمد نصر,1113853844,محمد نصر الدين,1015430190,104,161,9,,7,G4,G4,G4,G4,G4,G4,G4,Physical-DS-G1192,Physical-DS-G1191,Physical-DS-G1190,Physical-DS-G1189,Physical-DS-G1193,Physical-DS-G1188,Physical-DS-G1187,
L442,المنيا,المنيا,20,Ischool,معهد طيبه المنيا,معهد طيبه المنيا 2,دماريس ابراج الري 3 بجوار شركه الغاز,https://maps.app.goo.gl/pdw88TGbiTxq8paC9,اسامه محمد,1066985858,اسامه محمد,1066985858,100,145,8,,7,G5,G5,G4,G4,G5,G4,G4,Physical-DS-G1199,Physical-DS-G1198,Physical-DS-G1197,Physical-DS-G1196,Physical-DS-G1200,Physical-DS-G1195,Physical-DS-G1194,
L443,المنيا,المنيا,20,Ischool,معهد طيبه المنيا,معهد طيبه المنيا 1,دماريس ابراج الري 3 بجوار شركه الغاز,https://maps.app.goo.gl/pdw88TGbiTxq8paC9,اسامه محمد,1066985858,عبدالرحمن,1006906782,109,150,8,,7,G6,G6,G5,G5,G6,G5,G5,Physical-DS-G1206,Physical-DS-G1205,Physical-DS-G1204,Physical-DS-G1203,Physical-DS-G1207,Physical-DS-G1202,Physical-DS-G1201,
L446,المنيا,ملوي,20,Ischool,جمعيه عمرو بن العاص,جمعيه عمرو بن العاص,المنيا- ملوي- ش النيابة الادارية- اعلى مسجد عمر. بن العاص الدور الرابع,https://maps.app.goo.gl/X7PJrXdEu2Req8ke7,أحمد,1129559050,hassna,1015006888,62,111,6,,6,G6,G5,G5,G4,,G4,G4,Physical-DS-G1213,Physical-DS-G1212,Physical-DS-G1211,Physical-DS-G1210,,Physical-DS-G1209,Physical-DS-G1208,
L448,الوادي الجديد,الخارجة,20,Ischool,مركز تدريب الحاسب الألي بديوان مبني التحول الرقمي,مركز تدريب الحاسب الألي بديوان مبني التحول الرقمي 1,مركز تدريب الحاسب الآلي بديوان مبنى التحول الرقمي - الدور الثالث,https://maps.app.goo.gl/rFkXpQjuUYa2ZpHFA,محمد وجيه,1277106055,محمد وجيه,1277106055,25,44,3,,3,,,,G6,,G5,G4,,,,Physical-DS-G1216,,Physical-DS-G1215,Physical-DS-G1214,
L449,الوادي الجديد,الداخلة,20,Ischool,المركز المحلي لمدينة الداخلة - مركز تدريب الحاسب الألي,المركز المحلي لمدينة الداخلة - مركز تدريب الحاسب الألي 1,مركز تدريب الحاسب الآلي، المركز المحلى لمدينة الداخلة، المجلس القديم امام قسم شرطة الداخلة الدور الثانى مدينة موط,https://maps.app.goo.gl/SJpFkQzSxCXq2c7N9,اسحاق ابراهيم,127574752,اسحاق ابراهيم,127574752,39,59,3,,3,,,,G6,,G5,G4,,,,Physical-DS-G1219,,Physical-DS-G1218,Physical-DS-G1217,
L184,بني سويف,بنى سويف,20,Ischool,أرقام للتدريب والاستشارات,أرقام للتدريب والاستشارات 2,بني سويف - ارض الحريه - خلف سور الجامعه - بجوار مستشفي در العيون - اكاديميه ارقام,https://maps.app.goo.gl/gh4GLkNihiymncYT8,ابوطالب المصري,1006093939,حبيبه حمدي محمد عبدالمطلب,1229730637,112,161,9,,7,G4,G4,G4,G4,G4,G4,G4,Physical-DS-G1225,Physical-DS-G1224,Physical-DS-G1223,Physical-DS-G1222,Physical-DS-G1226,Physical-DS-G1221,Physical-DS-G1220,
L453,بني سويف,بنى سويف,20,Ischool,أرقام للتدريب والاستشارات,أرقام للتدريب والاستشارات 3,بني سويف - ارض الحريه - خلف سور الجامعه - بجوار مستشفي در العيون - اكاديميه ارقام,https://maps.app.goo.gl/gh4GLkNihiymncYT8,ابوطالب المصري,1006093939,دعاء جاد محمد,1094275713,103,140,7,,6,G5,G5,G5,,G5,G4,G4,Physical-DS-G1232,Physical-DS-G1231,Physical-DS-G1230,,Physical-DS-G1233,Physical-DS-G1228,Physical-DS-G1227,
L452,بني سويف,بنى سويف,20,Ischool,أرقام للتدريب والاستشارات,أرقام للتدريب والاستشارات 1,بني سويف - ارض الحريه - خلف سور الجامعه - بجوار مستشفي در العيون - اكاديميه ارقام,https://maps.app.goo.gl/gh4GLkNihiymncYT8,ابوطالب المصري,1006093939,شهد خالد عبد الظاهر محمد,1061659433,48,75,4,,4,,,G6,G6,,G6,G5,,,Physical-DS-G1237,Physical-DS-G1236,,Physical-DS-G1235,Physical-DS-G1234,
L450,بني سويف,بنى سويف,20,Ischool,ايجبت للتدريب والاستشارات ( اكاديمة مصر),ايجبت للتدريب والاستشارات ( اكاديمة مصر) 2,ش كلية الطب أمام مديرة الطرق والكبارى بجوار مطعم البكرى مزلقان جامعة بنى سويف,https://maps.app.goo.gl/3UuSp8TfMUY7cMMp7,د/ اسماعيل احمد سليم,1006253338,اسماعيل سليم,0 10 39443211,28,29,2,,2,,,,,,G6,G6,,,,,,Physical-DS-G1246,Physical-DS-G1245,
L451,بني سويف,بوش,20,Ischool,ايجبت للتدريب والاستشارات ( اكاديمة مصر),ايجبت للتدريب والاستشارات ( اكاديمة مصر) 1,ش كلية الطب أمام مديرة الطرق والكبارى بجوار مطعم البكرى مزلقان جامعة بنى سويف,https://maps.app.goo.gl/3UuSp8TfMUY7cMMp7,د/ اسماعيل احمد سليم,1006253338,محمود فتحي,1001738073,84,130,7,,7,G5,G5,G4,G4,G5,G4,G4,Physical-DS-G1243,Physical-DS-G1242,Physical-DS-G1241,Physical-DS-G1240,Physical-DS-G1244,Physical-DS-G1239,Physical-DS-G1238,
L459,بورسعيد,بورسعيد,20,IUC,مركز التدريب ونادي علوم الحاسب الالي بديوان المحافظه,مركز التدريب ونادي علوم الحاسب الالي بديوان المحافظه 1,شارع 23 يوليو مبنى ديوان عام المحافظة الدور الخامس,https://maps.app.goo.gl/zgok5TrWhX8Y74KU8,جمال,1279810330,نجوان,1208967639,107,147,8,,7,G4,G4,G4,G4,G4,G4,G4,Physical-DS-G1252,Physical-DS-G1251,Physical-DS-G1250,Physical-DS-G1249,Physical-DS-G1253,Physical-DS-G1248,Physical-DS-G1247,
L460,بورسعيد,بورسعيد,20,IUC,مركز التدريب ونادي علوم الحاسب الالي بديوان المحافظه,مركز التدريب ونادي علوم الحاسب الالي بديوان المحافظه 2,شارع 23 يوليو مبنى ديوان عام المحافظة الدور الخامس,https://maps.app.goo.gl/zgok5TrWhX8Y74KU8,جمال,1279810331,نجوان,1208967639,101,142,8,,7,G6,G5,G5,G5,G6,G5,G5,Physical-DS-G1259,Physical-DS-G1258,Physical-DS-G1257,Physical-DS-G1256,Physical-DS-G1260,Physical-DS-G1255,Physical-DS-G1254,
L461,بورسعيد,بورفؤاد,23,IUC,مركز التدريب ونادي علوم الحاسب الالي بديوان المحافظه,مركز التدريب ونادي علوم الحاسب الالي بديوان المحافظه 3,شارع 23 يوليو مبنى ديوان عام المحافظة الدور الخامس,https://maps.app.goo.gl/zgok5TrWhX8Y74KU8,جمال,1279810332,نجوان,1208967639,92,130,7,,6,G6,G5,G5,G4,,G4,G4,Physical-DS-G1266,Physical-DS-G1265,Physical-DS-G1264,Physical-DS-G1263,,Physical-DS-G1262,Physical-DS-G1261,
L463,جنوب سيناء,الطور,15,MEA,مركز تدريب وتأهيل ذوي الاحتياجات الخاصة,مركز تدريب وتأهيل ذوي الاحتياجات الخاصة 1,جنوب سيناء _ مدينة طور سيناء _ حى الزهور _ بجوار مدرسة الزهور الثانوية للبنات,https://maps.app.goo.gl/Z7qDFuLZFaMr3gqs5,صالح نصر صالح,1001072757,عماد الدين ابراهيم,109334337,35,60,3,,4,,,G6,G5,,G4,G4,,,Physical-DS-G1270,Physical-DS-G1269,,Physical-DS-G1268,Physical-DS-G1267,
L464,جنوب سيناء,شرم الشيخ,20,MEA,مركز شباب شرم الشيخ,مركز شباب شرم الشيخ,شرم الشيخ الخزان مركز شباب شرم الشيخ الدور الارضي,https://maps.app.goo.gl/qmyT7FcVh6TEf9Sc8,د. هاني حماده,1021090007,د. هاني حماده,1021090007,33,51,3,,4,,,G6,G5,,G4,G4,,,Physical-DS-G1274,Physical-DS-G1273,,Physical-DS-G1272,Physical-DS-G1271,
L543,دمياط,دمياط,20,IUC,مركز بريما لاب للتدريب,مركز بريما لاب للتدريب,دمياط الجديده شارع الصعيدي الجديد اول شارع الصحجوبيه بجوار محل عالم الالوان,https://maps.app.goo.gl/kzAFBMRckD3A8x9Z8,سمر,1092716285,سمر,1092716285,70,95,5,,5,,G6,G6,G6,,G5,G5,,Physical-DS-G1293,Physical-DS-G1292,Physical-DS-G1291,,Physical-DS-G1290,Physical-DS-G1289,
L465,دمياط,دمياط,25,Ischool,مكتبة مصر العامة,مكتبة مصر العامة 1,مكتبة مصر العامة بدمياط - كورنيش النيل - الاعصر,https://maps.app.goo.gl/9m1vTbqX3mVr9UzU6,Rehab saad ellaffat,1033674553,رحاب سعد اللفات,1033674553,152,196,10,,7,G4,G4,G4,G4,G4,G4,G4,Physical-DS-G1280,Physical-DS-G1279,Physical-DS-G1278,Physical-DS-G1277,Physical-DS-G1281,Physical-DS-G1276,Physical-DS-G1275,
L466,دمياط,دمياط,20,Ischool,مكتبة مصر العامة,مكتبة مصر العامة 2,مكتبة مصر العامة بدمياط - كورنيش النيل - الاعصر,https://maps.app.goo.gl/9m1vTbqX3mVr9UzU6,Rehab saad ellaffat,1033674553,سما مسعد سليم,1126412255,115,148,8,,7,G5,G5,G5,G4,G5,G4,G4,Physical-DS-G1287,Physical-DS-G1286,Physical-DS-G1285,Physical-DS-G1284,Physical-DS-G1288,Physical-DS-G1283,Physical-DS-G1282,
L474,دمياط,فارسكور,20,IUC,بريمالاب لتكنولوجيا المعلومات,بريمالاب لتكنولوجيا المعلومات,الدور الأرضي - شارع ٦ اكتوبر، مدينة فارسكور، دمياط - بجوار على عويد للأخشاب قبل عزبة اليمن امام الطوار للالوميتال,https://maps.app.goo.gl/45aiGC3UC8D2beN49,دينا,1200473319,دينا,1200473319,20,32,2,,3,,,,G6,,G5,G4,,,,Physical-DS-G1296,,Physical-DS-G1295,Physical-DS-G1294,
L475,سوهاج,سوهاج,20,British Council,المركز الثقافي البريطاني لتكنولوجيا المعلومات فرع سوهاج,المركز الثقافي البريطاني لتكنولوجيا المعلومات فرع سوهاج 1,سوهاج ميدان الثقافة - امام القوه العاملة ومحكمة الاسرة والمدخل امام التامينات الاجتماعية وبنك فيصل الاسلامى,https://maps.app.goo.gl/YQRUzSqbRJXatQ6UA,استقبال المركز,1284086855,مستر احمد ذكي,1002194955,111,161,9,,7,G4,G4,G4,G4,G4,G4,G4,Physical-DS-G1302,Physical-DS-G1301,Physical-DS-G1300,Physical-DS-G1299,Physical-DS-G1303,Physical-DS-G1298,Physical-DS-G1297,
L476,سوهاج,سوهاج,20,British Council,المركز الثقافي البريطاني لتكنولوجيا المعلومات فرع سوهاج,المركز الثقافي البريطاني لتكنولوجيا المعلومات فرع سوهاج 2,سوهاج ميدان الثقافة - امام القوه العاملة ومحكمة الاسرة والمدخل امام التامينات الاجتماعية وبنك فيصل الاسلامى,https://maps.app.goo.gl/YQRUzSqbRJXatQ6UA,استقبال المركز,1284086855,مس صفاء حمدي,1551456606,112,161,9,,7,G4,G4,G4,G4,G4,G4,G4,Physical-DS-G1309,Physical-DS-G1308,Physical-DS-G1307,Physical-DS-G1306,Physical-DS-G1310,Physical-DS-G1305,Physical-DS-G1304,
L477,سوهاج,سوهاج,20,British Council,المركز الثقافي البريطاني لتكنولوجيا المعلومات فرع سوهاج,المركز الثقافي البريطاني لتكنولوجيا المعلومات فرع سوهاج 3,سوهاج ميدان الثقافة - امام القوه العاملة ومحكمة الاسرة والمدخل امام التامينات الاجتماعية وبنك فيصل الاسلامى,https://maps.app.goo.gl/YQRUzSqbRJXatQ6UA,استقبال المركز,1284086855,مس اسماء,1286783995,95,151,8,,7,G5,G5,G5,G5,G5,G4,G4,Physical-DS-G1316,Physical-DS-G1315,Physical-DS-G1314,Physical-DS-G1313,Physical-DS-G1317,Physical-DS-G1312,Physical-DS-G1311,
L478,سوهاج,سوهاج,20,British Council,المركز الثقافي البريطاني لتكنولوجيا المعلومات فرع سوهاج,المركز الثقافي البريطاني لتكنولوجيا المعلومات فرع سوهاج 4,سوهاج ميدان الثقافة - امام القوه العاملة ومحكمة الاسرة والمدخل امام التامينات الاجتماعية وبنك فيصل الاسلامى,https://maps.app.goo.gl/YQRUzSqbRJXatQ6UA,استقبال المركز,1284086855,مس شيماء,1153605719,106,149,8,,7,G6,G5,G5,G5,G6,G5,G5,Physical-DS-G1323,Physical-DS-G1322,Physical-DS-G1321,Physical-DS-G1320,Physical-DS-G1324,Physical-DS-G1319,Physical-DS-G1318,
L479,سوهاج,سوهاج,20,British Council,مركز تدريب المحافظة - بمحافظة سوهاج,مركز تدريب المحافظة - بمحافظة سوهاج 1,"مركز تدريب المحافظة طريق, الخولي, محافظة سوهاج",https://maps.app.goo.gl/1JQSrbNddCJt8ujd8,استقبال المركز,1010299539,استقبال المركز,1099499294,41,60,3,,3,,,,G6,,G6,G6,,,,Physical-DS-G1327,,Physical-DS-G1326,Physical-DS-G1325,
L480,سوهاج,طهطا,20,British Council,مركز تدريب المحافظة - بمحافظة سوهاج,مركز تدريب المحافظة - بمحافظة سوهاج 2,"مركز تدريب المحافظة طريق, الخولي, محافظة سوهاج",https://maps.app.goo.gl/1JQSrbNddCJt8ujd8,استقبال المركز,1010299539,,,68,94,5,,5,,G6,G5,G5,,G4,G4,,Physical-DS-G1332,Physical-DS-G1331,Physical-DS-G1330,,Physical-DS-G1329,Physical-DS-G1328,
L612,شمال سيناء,العريش,20,Compusoft,العصريه الفيوم,العصريه الفيوم,الفيوم شارع السنترال خلف بن زمان بجوار مكتبة الاستاذ الدور الثاني علوي,https://maps.app.goo.gl/VBcSApKZUvVxbX8R8,حمدي امام,1093888105,محمود,106379276,34,54,3,,4,,,G6,G5,,G4,G4,,,Physical-DS-G1336,Physical-DS-G1335,,Physical-DS-G1334,Physical-DS-G1333,
L153,قنا,قنا,20,Ischool,الافضل فرع مدينة العمال,الافضل فرع مدينة العمال,شارع الاقصر - قنا,https://maps.app.goo.gl/aGrqcebT8m68NeJy5,أ.صابر هجان عبيد,010 00761022,رضوى صابر هجان عبيد,1005845060,106,161,9,,7,G4,G4,G4,G4,G4,G4,G4,Physical-DS-G1342,Physical-DS-G1341,Physical-DS-G1340,Physical-DS-G1339,Physical-DS-G1343,Physical-DS-G1338,Physical-DS-G1337,
L154,قنا,قنا,20,MEA,المركز الأوروبي الحديث بقنا,المركز الأوروبي الحديث بقنا 1,الدور الأول علوي، عمارة سعد شرقاوي، شارع الجميل، أعلى محل ديور للملابس بجوار فندق جراند، مدينة قنا، محافظة قنا,https://maps.app.goo.gl/dYdzWVyg5c4tCVFu5,وفاء سيد,1024553023,وفاء سيد,1024553023,94,137,7,,7,G5,G5,G5,G5,G6,G5,G4,Physical-DS-G1349,Physical-DS-G1348,Physical-DS-G1347,Physical-DS-G1346,Physical-DS-G1350,Physical-DS-G1345,Physical-DS-G1344,
L155,قنا,قنا,20,MEA,قصر ثقافة قنا,قصر ثقافة قنا,قنا - مدينة العمال - شارع مصطفى كمال بجوار بنك فيصل الاسلامى,https://maps.app.goo.gl/RUb7fSxUPyeUvwLp8,منصور الحسيني,1029995000,منار جمال محمود اسماعيل,1017233088,20,28,2,,2,,,,,,G6,G6,,,,,,Physical-DS-G1352,Physical-DS-G1351,
L157,قنا,قوص,20,Ischool,مركز المستقبل للتدريب بقوص بقنا,مركز المستقبل للتدريب بقوص بقنا,"قنا - قوص -شارع طريق النصر مول البنزينة القديمه
",https://maps.app.goo.gl/kjBZWnYTqYxSApqx9,احمد مسلم,01146550798,احمد مسلم محمد,1014075110,27,44,3,,3,,,,G6,,G5,G4,,,,Physical-DS-G1355,,Physical-DS-G1354,Physical-DS-G1353,
L158,قنا,نجع حمادي,20,Ischool,الأكاديمية الكندية للتدريب والدراسات المتخصصه,الأكاديمية الكندية للتدريب والدراسات المتخصصه,المرور، مدينة نجع حمادي، نجع حمادي، محافظة قنا,https://maps.app.goo.gl/xMdP6PB5NTDjCe8c9,أ.صابر هجان عبيد,1555552915,منار جمال محمود اسماعيل,1017233088,52,73,4,,4,,G6,,G5,,G4,G4,,Physical-DS-G1360,,Physical-DS-G1358,,Physical-DS-G1357,Physical-DS-G1356,
L900,كفر الشيخ,دسوق,20,Ischool,مركز تكنولوجيا المعلومات نقابه التطبيقين,مركز تكنولوجيا المعلومات نقابه التطبيقين 1,"كوبرى, مدينة دسوق، قسم دسوق، محافظة كفر الشيخ",https://maps.app.goo.gl/AFUs8H9HYagK4UvD7?g_st=ic,محمود,1003515814,محمود,1003515814,106,159,8,,7,G5,G4,G4,G4,G5,G4,G4,Physical-DS-G1366,Physical-DS-G1365,Physical-DS-G1364,Physical-DS-G1363,Physical-DS-G1367,Physical-DS-G1362,Physical-DS-G1361,
L901,كفر الشيخ,دسوق,20,Ischool,مركز تكنولوجيا المعلومات نقابه التطبيقين,مركز تكنولوجيا المعلومات نقابه التطبيقين 2,"كوبرى, مدينة دسوق، قسم دسوق، محافظة كفر الشيخ",https://maps.app.goo.gl/AFUs8H9HYagK4UvD7?g_st=ic,محمود,1003515814,محمود,1003515814,48,66,4,,3,,,,G6,,G6,G5,,,,Physical-DS-G1370,,Physical-DS-G1369,Physical-DS-G1368,
L491,كفر الشيخ,كفر الشيخ,20,IUC,كلية الحاسبات والمعلومات بجامعة كفر الشيخ,كلية الحاسبات والمعلومات بجامعة كفر الشيخ 1,جامعة كفر الشيخ كلية الحاسبات والمعلومات,https://maps.app.goo.gl/fgb51dJiyuTeHeXP8,مدحت,1020052509,مدحت,1020052509,105,148,8,,7,G4,G4,G4,G4,G5,G4,G4,Physical-DS-G1376,Physical-DS-G1375,Physical-DS-G1374,Physical-DS-G1373,Physical-DS-G1377,Physical-DS-G1372,Physical-DS-G1371,
L492,كفر الشيخ,كفر الشيخ,20,IUC,كلية الحاسبات والمعلومات بجامعة كفر الشيخ,كلية الحاسبات والمعلومات بجامعة كفر الشيخ 2,جامعة كفر الشيخ كلية الحاسبات والمعلومات,https://maps.app.goo.gl/fgb51dJiyuTeHeXP8,مدحت,1020052509,مدحت,1020052509,54,79,4,,4,,G6,G6,,,G5,G5,,Physical-DS-G1382,Physical-DS-G1381,,,Physical-DS-G1379,Physical-DS-G1378,
L159,مرسى مطروح,مرسى مطروح,18,MEA,مكتبة مصر العامة - مطروح,مكتبة مصر العامة - مطروح,ش جابر المجاوي الشماعي، قسم مرسى مطروح، محافظة مطروح,https://maps.app.goo.gl/Rhq1ZaD7MTfrYZgP7,Eng Shahenda,1009041160,Eng Shahenda,1009041160,31,53,3,,4,,,G6,G5,,G4,G4,,,Physical-DS-G1386,Physical-DS-G1385,,Physical-DS-G1384,Physical-DS-G1383,
